r_returns,r_envelope,c_surr_mean,c_surr_std,gap,z,meta_pulse,group,tickers
0.3305279674496464,0.3414824826160557,0.00795760795364655,0.005016628086360073,0.33352487466240915,6.0,0.9955037268390589,CORE,"PGX, COMT, SPYG, AL, FRPT"
0.4037478157106972,0.41635793062643783,0.008373057687269212,0.00510794591235218,0.40798487293916863,6.0,0.9955037268390589,CORE,"PPLT, PALL, VOO, SJNK, WCLD"
0.3252884637387405,0.3507258447672046,0.008363892905801288,0.005820075640497853,0.3423619518614033,6.0,0.9955037268390589,CORE,"FDS, TRRNX, PGX, WTI, UMC"
0.4953338788148211,0.4805762298060911,0.009478932832631402,0.005244202500043398,0.4710972969734597,6.0,0.9955037268390589,CORE,"XLY, RHI, XLC, ARR, SFTBY"
0.33407972154413457,0.35461286266806674,0.008261667483855371,0.006221286550070599,0.34635119518421137,6.0,0.9955037268390589,CORE,"PRDGX, DIA, EIX, XLC, HFFG"
0.26224408633477836,0.2547627576790369,0.008473395769603608,0.005444365729506164,0.2462893619094333,6.0,0.9955037268390589,CORE,"PALL, EA, UNG, ET, PRGFX"
0.505638067691152,0.5538953032460627,0.009004137308602531,0.005172156509746173,0.5448911659374602,6.0,0.9955037268390589,CORE,"NGD, EMB, DGRO, HUN, PREIX"
0.38331331961486886,0.40829677298226663,0.009089915748945554,0.005071870974166128,0.39920685723332106,6.0,0.9955037268390589,CORE,"VNDA, FRPT, FZROX, VIG, VTSAX"
0.4107381199435199,0.4487717223129546,0.0076269615273332585,0.004553517477282837,0.4411447607856213,6.0,0.9955037268390589,CORE,"ARR, GLD, VTI, EPD, NSP"
0.3395820201452092,0.353427036614883,0.008160830707264987,0.004566457975433053,0.34526620590761803,6.0,0.9955037268390589,CORE,"DIA, PALL, AGI, GME, HUN"
0.40489487548944925,0.4307682136324895,0.007882725520220174,0.004630634113909885,0.42288548811226934,6.0,0.9955037268390589,CORE,"PGX, EA, SHOO, EIX, PRILX"
0.4816993203665116,0.49449167731696375,0.007961076939465666,0.005509209378456171,0.48653060037749807,6.0,0.9955037268390589,CORE,"BVN, VFIAX, FNDX, EIX, FINX"
0.3091137621505035,0.3332225271203033,0.008246125088702936,0.0053250108861934336,0.3249764020316004,6.0,0.9955037268390589,CORE,"PALL, SHOO, STX, CTLP, UNG"
0.4859706267467737,0.4985631078011115,0.009557316585159738,0.0044364459569246895,0.4890057912159518,6.0,0.9955037268390589,CORE,"DIA, FNDX, HFFG, FCNTX, ARKW"
0.3805865628606543,0.33825622385644627,0.0079803523009888,0.005827717844503835,0.33027587155545746,6.0,0.9955037268390589,CORE,"VNDA, VTIP, QUAL, WDC, AGI"
0.30038073489010153,0.3986754755463747,0.007883823211327785,0.0058248808843725285,0.3907916523350469,6.0,0.9955037268390589,CORE,"ARCC, LYB, OR, VIG, SJNK"
0.36249743511284954,0.3532986114596404,0.010076571656230018,0.006722651846839457,0.34322203980341043,6.0,0.9955037268390589,CORE,"GSG, FNDX, TNET, WEAT, PRGFX"
0.3290006545127173,0.3021904962355229,0.009260872202505708,0.006065177420790976,0.2929296240330172,6.0,0.9955037268390589,CORE,"TRBCX, VNDA, PRILX, UNG, AIQ"
0.24363307688043892,0.2818160499569839,0.00857667968076129,0.005152321570938136,0.2732393702762226,6.0,0.9955037268390589,CORE,"NGD, WEAT, EIX, SRLN, KOLD"
0.4366152823383212,0.4819578937856108,0.008505076244031292,0.0062297833990477,0.47345281754157953,6.0,0.9955037268390589,CORE,"ARR, ARKQ, VIGAX, CTLP, JEF"
0.36214475373234156,0.38513609991675163,0.0074372883978043244,0.005856147085112082,0.3776988115189473,6.0,0.9955037268390589,CORE,"NDAQ, GME, FLRN, SRLN, PRDGX"
0.33165536785846994,0.38875582154886823,0.007932737287825627,0.004924894415138073,0.3808230842610426,6.0,0.9955037268390589,CORE,"TRRDX, JD, VTI, DSGR, FLRN"
0.3586698049634919,0.49771964935515556,0.008180937806028337,0.0055955742711471645,0.4895387115491272,6.0,0.9955037268390589,CORE,"QQQ, IWF, BVN, PGX, PNR"
0.39034690837843167,0.3654235593003368,0.008583505542341476,0.0063364005468427255,0.3568400537579953,6.0,0.9955037268390589,CORE,"FNDX, TTMI, GTLS, UNG, PNR"
0.4420109957386103,0.47769232929502004,0.007721019524710977,0.004979733324996146,0.46997130977030904,6.0,0.9955037268390589,CORE,"TRRBX, TRRNX, FCNTX, TRBCX, VIG"
0.2938157673127272,0.3118636216155978,0.008328935215154435,0.005866441318235904,0.30353468640044334,6.0,0.9955037268390589,CORE,"PGX, JD, GLW, AL, UNG"
0.41907857286952427,0.4676017368756892,0.008644391711861175,0.006357754949947754,0.458957345163828,6.0,0.9955037268390589,CORE,"TYL, FTEC, EA, PRGFX, JEF"
0.3557902843735169,0.3883213731217579,0.007147570817894546,0.0060810940066296495,0.3811738023038634,6.0,0.9955037268390589,CORE,"HUN, PRGFX, JD, CTAS, ARCC"
0.3177936131649413,0.3845645925981524,0.008396972052434839,0.005563010978326218,0.37616762054571756,6.0,0.9955037268390589,CORE,"VUG, KOLD, SHYG, QQQ, SLV"
0.49576560902851796,0.47337534460006775,0.00920579411071075,0.00561863224162255,0.464169550489357,6.0,0.9955037268390589,CORE,"AIQ, VTSAX, FINX, AGNC, TRBCX"
0.2830307881746378,0.33154293276150815,0.007294207399612963,0.0050961927378840085,0.3242487253618952,6.0,0.9955037268390589,CORE,"XLC, MSTR, SYPR, JD, PNR"
0.34479779571819963,0.32555237384921887,0.007848404964490822,0.005236764243765258,0.31770396888472807,6.0,0.9955037268390589,CORE,"PGX, FNDX, BLKB, FRPT, VNDA"
0.47241106896348,0.43413374064174215,0.008619687319489783,0.004940684204040783,0.42551405332225234,6.0,0.9955037268390589,CORE,"TRBCX, SHYG, BLKB, ARKK, EMB"
0.3672170898797824,0.3806619080409194,0.008778964159216468,0.005349698894383071,0.3718829438817029,6.0,0.9955037268390589,CORE,"PRGFX, SFTBY, STX, SIZE, KOS"
0.4341853786404719,0.4271783040003156,0.008070814428023605,0.005268483824386294,0.419107489572292,6.0,0.9955037268390589,CORE,"ICE, IWF, EPD, SNBR, FSKAX"
0.4414164736730198,0.5278034649774056,0.009056504473151478,0.005619624452153789,0.5187469605042542,6.0,0.9955037268390589,CORE,"VFIAX, BYDDF, FXAIX, TRRDX, KOLD"
0.3544771328318272,0.3710888036955439,0.007120849018891335,0.005264199948641842,0.3639679546766526,6.0,0.9955037268390589,CORE,"CBZ, VIGAX, SHOO, IVV, BVN"
0.45927475400897466,0.4101195944186944,0.00867383224180718,0.005148297654923787,0.4014457621768872,6.0,0.9955037268390589,CORE,"TYL, FZROX, TRRBX, GLW, MPLX"
0.5196387145877011,0.4768411800913096,0.007262633761687538,0.00479990068231568,0.46957854632962204,6.0,0.9955037268390589,CORE,"FCNTX, PREIX, SNBR, XLY, PRWCX"
0.36200013703415906,0.43349487334420056,0.00849169428505512,0.0059767204236942555,0.4250031790591454,6.0,0.9955037268390589,CORE,"SKYY, COMT, AGI, NSP, SHOO"
0.3966690172062276,0.4659805649355706,0.008666325100740484,0.005054369440277947,0.4573142398348301,6.0,0.9955037268390589,CORE,"BVN, TRRNX, BOIL, EPD, AL"
0.5027797276694234,0.462860106638687,0.008684336252576353,0.005566516719087499,0.4541757703861106,6.0,0.9955037268390589,CORE,"NSP, DSGR, VOO, PSJ, FRPT"
0.35421237222595114,0.33203139994391956,0.006631777892964668,0.005227315715999776,0.3253996220509549,6.0,0.9955037268390589,CORE,"HOLX, BLKB, QQQ, PALL, MSTR"
0.28239282882607103,0.3037583999268192,0.008726573389321939,0.006101535789193454,0.29503182653749727,6.0,0.9955037268390589,CORE,"NDAQ, MSTR, MPLX, FLRN, EMB"
0.3935935358516951,0.45623746284043204,0.008106478582900535,0.004713112099717158,0.4481309842575315,6.0,0.9955037268390589,CORE,"SEE, SPYG, QUAL, WEAT, FXAIX"
0.4349669007771575,0.4118766830015459,0.008230766147556759,0.005248313521487551,0.40364591685398915,6.0,0.9955037268390589,CORE,"LNG, UNG, PSJ, SYPR, FBGRX"
0.3326229300409961,0.36613133927771174,0.008276561596648574,0.004845769072001599,0.35785477768106316,6.0,0.9955037268390589,CORE,"WEAT, PRGFX, SIRI, NDAQ, WDC"
0.3689789074912752,0.41131411125864437,0.009027659038111703,0.005848383542162799,0.40228645222053266,6.0,0.9955037268390589,CORE,"DBA, VUG, TRRBX, AIQ, NSP"
0.4229246042408695,0.43261178141807527,0.008674785069389731,0.00482979487441031,0.42393699634868554,6.0,0.9955037268390589,CORE,"TRLGX, FTEC, ITOT, ET, AGNC"
0.35327484748890575,0.3734484319491881,0.007554203015228317,0.006373791451469215,0.3658942289339598,6.0,0.9955037268390589,CORE,"HFFG, ITOT, UMC, WDC, ARKK"
0.3596468681289486,0.35695989516738214,0.010932535003172657,0.0058844329131347,0.3460273601642095,6.0,0.9955037268390589,CORE,"LNG, SNBR, SJNK, ARKQ, PALL"
0.21343275802707337,0.23723944584243709,0.00681509207517852,0.005087840201432837,0.23042435376725856,6.0,0.9955037268390589,CORE,"GSG, UNG, GLNG, GME, TNET"
0.40073005243011317,0.39408182258428925,0.00807698254599762,0.005718595787036988,0.3860048400382916,6.0,0.9955037268390589,CORE,"PPLT, DIA, SYPR, BYDDF, UNG"
0.38363358836881756,0.4092358489726047,0.007502748878896784,0.005182546902714795,0.4017331000937079,6.0,0.9955037268390589,CORE,"SRLN, KOS, ARKX, CTLP, VUG"
0.2420292403294237,0.2909009715794342,0.0072583925830482475,0.00469958853727018,0.28364257899638595,6.0,0.9955037268390589,CORE,"COMT, SIVR, SFTBY, WEAT, GLW"
0.4513223917578983,0.4721157670720147,0.009020982686863042,0.005097697203595522,0.46309478438515167,6.0,0.9955037268390589,CORE,"SPY, HYG, STX, GLNG, PPLT"
0.3712976298036113,0.3425862798338896,0.009235238247031968,0.006371976138154384,0.33335104158685763,6.0,0.9955037268390589,CORE,"WEAT, SHYG, SIRI, BKLN, QUAL"
0.27097218328007655,0.32975971295385387,0.008429227861500839,0.005152782204882135,0.321330485092353,6.0,0.9955037268390589,CORE,"BVN, HOLX, LYB, JD, CTLP"
0.4801387691589183,0.5122884050889054,0.007052510978015288,0.005007180272324122,0.5052358941108901,6.0,0.9955037268390589,CORE,"CBZ, TRBCX, PRWCX, AGI, VOO"
0.5215333067643869,0.6103327094966281,0.009293302834542615,0.005593987093186079,0.6010394066620854,6.0,0.9955037268390589,CORE,"TRRDX, PRGFX, IGV, QUAL, SRLN"
0.41988377358597395,0.3841534849456408,0.007966555520977203,0.005400838194814157,0.3761869294246636,6.0,0.9955037268390589,CORE,"SPY, VNDA, LYB, WCLD, SNBR"
0.4280934703119094,0.4676737922102421,0.007988753903207791,0.004590424340457754,0.4596850383070343,6.0,0.9955037268390589,CORE,"VUG, HUN, SKM, EIX, OR"
0.39277795385478764,0.41372339362517097,0.008133879198940016,0.0049750679148043795,0.4055895144262309,6.0,0.9955037268390589,CORE,"TRRNX, SHOO, FXI, QUAL, UNG"
0.53783910761264,0.53743075696676,0.00873482469103666,0.004993744815036851,0.5286959322757233,6.0,0.9955037268390589,CORE,"FNDX, VUG, PRWCX, ARKQ, FDS"
0.3286003860265075,0.35840854519620235,0.008628906819786805,0.005597642594374323,0.34977963837641557,6.0,0.9955037268390589,CORE,"ARKX, CTAS, GLNG, AIQ, BOIL"
0.3297831639928246,0.3233954522600373,0.008298445212935206,0.004516365676813841,0.3150970070471021,6.0,0.9955037268390589,CORE,"ET, PGX, DBA, IVV, SYPR"
0.35948956064640386,0.35581238678621246,0.008088969787790688,0.005552906117914414,0.3477234169984218,6.0,0.9955037268390589,CORE,"DSGR, PGX, STX, GME, VIGAX"
0.31782307808038784,0.2626711444689846,0.008042452113631821,0.004851291614886022,0.2546286923553528,6.0,0.9955037268390589,CORE,"ARKX, WDC, PRILX, TRRBX, ARKK"
0.47234330396279317,0.46607455437917156,0.007899274931729379,0.005569420701961614,0.4581752794474422,6.0,0.9955037268390589,CORE,"SPYG, AGNC, NGD, VTIP, ARCC"
0.42065316948832043,0.42504905724550857,0.008105189529741989,0.00557754050910085,0.4169438677157666,6.0,0.9955037268390589,CORE,"VNDA, FZROX, ARCC, VOO, SPYG"
0.42514468299523783,0.4411626442843982,0.008584199703468205,0.006639181416099179,0.43257844458093003,6.0,0.9955037268390589,CORE,"PPLT, DBA, MTUM, VFIAX, AL"
0.3818625431431758,0.40137643529130945,0.007295776861206902,0.0053765913544003485,0.39408065843010254,6.0,0.9955037268390589,CORE,"SIVR, ARKQ, EIX, PRWCX, TNET"
0.5413004399027249,0.5301346611251384,0.008523277592507966,0.005685496738552129,0.5216113835326305,6.0,0.9955037268390589,CORE,"SHOO, GTLS, VUG, FZROX, TRRDX"
0.4165775219689335,0.42168164175012757,0.008186817754112336,0.005749331915584448,0.4134948239960152,6.0,0.9955037268390589,CORE,"SHYG, PREIX, ARR, WCLD, IAU"
0.3670291626190229,0.4285215155429415,0.008958496685454993,0.004778861031258348,0.4195630188574865,6.0,0.9955037268390589,CORE,"HFFG, AGI, GLD, VTIP, VUG"
0.3129366198354338,0.2927550728978099,0.006945449229224502,0.005632921204403316,0.28580962366858537,6.0,0.9955037268390589,CORE,"SIVR, AGNC, EIX, SIRI, ARKK"
0.3724768441035134,0.4509754124489116,0.008692849186110784,0.005432848877196468,0.4422825632628008,6.0,0.9955037268390589,CORE,"COMT, BYDDF, LNG, OR, ITOT"
0.3128307706027681,0.4005933944607054,0.008566923770461777,0.00557132956709555,0.39202647069024366,6.0,0.9955037268390589,CORE,"VTIP, SIZE, PPLT, SLV, ARCC"
0.29372135721353765,0.3234832417417389,0.008675432202991575,0.00498771897095034,0.3148078095387474,6.0,0.9955037268390589,CORE,"JD, ARKX, PRGFX, FNDX, HOLX"
0.39925326248989473,0.3881278883856682,0.007811272602962942,0.004967511240235321,0.38031661578270526,6.0,0.9955037268390589,CORE,"GLD, BYDDF, TRRDX, UNG, FBGRX"
0.35755133048316484,0.3981105464427514,0.008468438900538566,0.005702437196006817,0.38964210754221285,6.0,0.9955037268390589,CORE,"TTMI, WEAT, ICE, ARR, PGX"
0.40050598173644164,0.39975213789790204,0.008960428621378677,0.004817948710414496,0.39079170927652335,6.0,0.9955037268390589,CORE,"COMT, PRWCX, ITOT, DGRO, BKLN"
0.45205504723972656,0.4978996763323891,0.0093223903559673,0.003886871969876273,0.48857728597642175,6.0,0.9955037268390589,CORE,"QUAL, ARCC, PRILX, SIZE, VTIP"
0.3404946450178939,0.3415939802373355,0.008502112030541234,0.0056292315732574694,0.33309186820679426,6.0,0.9955037268390589,CORE,"HFFG, ARKW, FDS, HYG, GSG"
0.42263334854314094,0.39527283279487596,0.008640919757333014,0.005808929766773511,0.38663191303754296,6.0,0.9955037268390589,CORE,"HOLX, GTLS, PGX, LYB, IAU"
0.47454002675166146,0.537549861778078,0.008011415780805047,0.005157861937597139,0.529538445997273,6.0,0.9955037268390589,CORE,"COMT, WCLD, ARKQ, FZROX, MPLX"
0.3112120394057979,0.3035996508897791,0.007520952890672117,0.004873351112866101,0.29607869799910697,6.0,0.9955037268390589,CORE,"WDC, KOLD, SNBR, EA, FXI"
0.3663751661969521,0.39504234473263167,0.00997456316888761,0.006054259602143464,0.38506778156374405,6.0,0.9955037268390589,CORE,"PRILX, STX, COMT, FXAIX, CSGP"
0.5764220124785325,0.5879546673340604,0.00832836687819511,0.006194609659144698,0.5796263004558653,6.0,0.9955037268390589,CORE,"VUG, PRGFX, TRRBX, PRILX, XLY"
0.3789669365867655,0.3900993774723344,0.0071979838415188934,0.006060030393403526,0.38290139363081555,6.0,0.9955037268390589,CORE,"PGX, VUG, FZROX, COMT, SHYG"
0.51055463559185,0.5054654762356849,0.007100063889937188,0.006124746803641924,0.49836541234574777,6.0,0.9955037268390589,CORE,"XLC, IVV, VIG, ARKX, TRRDX"
0.37830110127508837,0.3990391756885604,0.00959452932155896,0.006029171741603367,0.38944464636700143,6.0,0.9955037268390589,CORE,"BKLN, PNR, FTEC, GSG, TRLGX"
0.5125900214243538,0.48682662049731457,0.007234571119104845,0.006580738502023676,0.4795920493782097,6.0,0.9955037268390589,CORE,"FXAIX, CTAS, WCLD, FINX, FDS"
0.3611175318498289,0.33576683302595006,0.009026963187467598,0.004770972072969546,0.32673986983848247,6.0,0.9955037268390589,CORE,"JNK, PGX, FRPT, SRLN, SYPR"
0.29913382406143935,0.2973962281760659,0.008768424231205383,0.005358076273909991,0.28862780394486054,6.0,0.9955037268390589,CORE,"PSJ, SMCI, SIRI, DBA, TNET"
0.3672796542905306,0.3482808162836688,0.007779718977871619,0.00512295424921831,0.3405010973057972,6.0,0.9955037268390589,CORE,"EMB, TTMI, IWF, BYDDF, EA"
0.26073403697055736,0.3294833437647306,0.008871098418546887,0.005985688567857429,0.3206122453461837,6.0,0.9955037268390589,CORE,"WDC, DIA, DBA, HUN, SYPR"
0.4363659425525085,0.35758538449309984,0.007665779109060779,0.0055480487619809045,0.34991960538403905,6.0,0.9955037268390589,CORE,"QUAL, PRGFX, VNDA, CTAS, SIRI"
0.32351325531185376,0.34808947257786305,0.008318253217593597,0.006120995073213076,0.33977121936026944,6.0,0.9955037268390589,CORE,"WCLD, SIVR, TRRDX, DSGR, PGX"
0.342834253756689,0.34816894748232974,0.009213244642971985,0.00576850787244221,0.3389557028393578,6.0,0.9955037268390589,CORE,"EA, SHYG, ARKX, LNG, FTEC"
0.384210592496074,0.4276108454425251,0.008476786863005325,0.005145838732402922,0.41913405857951974,6.0,0.9955037268390589,CORE,"HOLX, FRPT, IAU, MTUM, SPYG"
0.36022447545571323,0.395712915209739,0.009150548611065608,0.00514846360220558,0.3865623665986734,6.0,0.9955037268390589,CORE,"FINX, CSGP, KOS, PRDGX, TYL"
0.3156251572124885,0.3532817930102222,0.009080583095109784,0.004564142735885223,0.34420120991511244,6.0,0.9955037268390589,CORE,"ARKX, VNDA, ARKQ, AL, PGX"
0.3302753900163998,0.36770862474816923,0.007516247982734476,0.005738256425746054,0.36019237676543475,6.0,0.9955037268390589,CORE,"LYB, HOLX, RHI, EPD, SJNK"
0.3884616859400115,0.4106661733503345,0.008765711178353373,0.004553632857414946,0.4019004621719811,6.0,0.9955037268390589,CORE,"SIZE, PPLT, GLW, ARKQ, LYB"
0.35839279723833,0.3734613768070458,0.008595123315164394,0.004865687716302227,0.3648662534918814,6.0,0.9955037268390589,CORE,"ARKK, PALL, KOS, TRLGX, LYB"
0.35788016613471413,0.41669571223965696,0.0090934778207584,0.0049575980278580446,0.40760223441889853,6.0,0.9955037268390589,CORE,"FRPT, USO, TTMI, HOLX, SKYY"
0.3514194623699485,0.4137145419034679,0.00855088590737112,0.00451531991397635,0.40516365599609677,6.0,0.9955037268390589,CORE,"VTI, SIVR, TTMI, FDS, UMC"
0.28457525016987245,0.2552241322709428,0.007722932337468986,0.004662320705394674,0.24750119993347383,6.0,0.9955037268390589,CORE,"ICE, CTLP, ET, DGRO, SNBR"
0.4342913062786191,0.3969494503959212,0.007862309379856026,0.004618221208586719,0.3890871410160652,6.0,0.9955037268390589,CORE,"JD, QUAL, FBGRX, FXAIX, ARR"
0.393971370079026,0.4276703376743246,0.006490576480349717,0.0051390935889022845,0.4211797611939749,6.0,0.9955037268390589,CORE,"PREIX, FZROX, WDC, ARKQ, SLV"
0.3972706595887866,0.42002690899340134,0.008300577983031632,0.006881094571351374,0.4117263310103697,6.0,0.9955037268390589,CORE,"TRLGX, WTI, FRPT, DBA, GLNG"
0.30879690262103704,0.3315644750330905,0.00789402861879833,0.005404067323945447,0.32367044641429216,6.0,0.9955037268390589,CORE,"GME, WCLD, FLRN, VTSAX, SPYG"
0.32108980797136,0.29310831165995155,0.007338852935765665,0.004892936860909012,0.2857694587241859,6.0,0.9955037268390589,CORE,"GLNG, TNET, HUN, NDAQ, SKYY"
0.4353016974313891,0.4503755069607284,0.008179369152984227,0.0055262886306481985,0.4421961378077442,6.0,0.9955037268390589,CORE,"JNK, CSGP, SKM, GSG, TRBCX"
0.4058450573203035,0.3957810358013808,0.008393324808645661,0.005907551260808512,0.3873877109927351,6.0,0.9955037268390589,CORE,"FINX, EA, KOS, SPYG, PRWCX"
0.45602665860424557,0.4165506399018917,0.009428792460143103,0.004943272052591157,0.40712184744174856,6.0,0.9955037268390589,CORE,"UNG, VUG, HYG, ARKX, PRGFX"
0.4855722103940808,0.5331847014581336,0.00882681033355712,0.004861436714176036,0.5243578911245764,6.0,0.9955037268390589,CORE,"FSKAX, BKLN, ARR, DSGR, CBZ"
0.3885335558919138,0.3816044198859653,0.009197100428650181,0.005466968171688004,0.3724073194573151,6.0,0.9955037268390589,CORE,"VUG, STX, PSJ, CTLP, BOIL"
0.369643991757406,0.4702016235918801,0.009305543651559051,0.006309925305625375,0.46089607994032106,6.0,0.9955037268390589,CORE,"TRRNX, NGD, HOLX, VFIAX, PRGFX"
0.2806087745992002,0.25016627414441955,0.007214846620083951,0.005775348722573599,0.2429514275243356,6.0,0.9955037268390589,CORE,"PSJ, NGD, FCNTX, GME, VIG"
0.4467612574066852,0.5388722295123695,0.009062971805081067,0.005785786677194656,0.5298092577072884,6.0,0.9955037268390589,CORE,"NSP, PRWCX, IWF, GSG, DGRO"
0.4916542405223357,0.4985875444325307,0.0074815363789419095,0.0052137463862332875,0.49110600805358884,6.0,0.9955037268390589,CORE,"ARCC, MSTR, VOO, SPYG, NDAQ"
0.37691747423517835,0.4575830261023455,0.009284868836922956,0.004970443508225797,0.44829815726542255,6.0,0.9955037268390589,CORE,"VTIP, AGI, FNDX, EPD, NGD"
0.3581572143880659,0.46882609942395814,0.00811301279765198,0.005050400338450374,0.46071308662630617,6.0,0.9955037268390589,CORE,"UMC, VTI, PRDGX, MSTR, ARCC"
0.4529027476180165,0.4912680032330784,0.008343546746390939,0.005554752988830572,0.48292445648668747,6.0,0.9955037268390589,CORE,"HFFG, IVV, GSG, VTSAX, EIX"
0.46908761232369733,0.4774919118731466,0.009016612548849662,0.005691826133987012,0.46847529932429693,6.0,0.9955037268390589,CORE,"ARKQ, PNR, COMT, PALL, SHOO"
0.4540394240210473,0.45496886109251417,0.008237289898963393,0.005068468528987517,0.4467315711935508,6.0,0.9955037268390589,CORE,"SKYY, SPY, ARR, FZROX, WDC"
0.4599649373297,0.5018571155525824,0.006819435240304514,0.00603307613437539,0.49503768031227785,6.0,0.9955037268390589,CORE,"LNG, WTI, PRWCX, FINX, SJNK"
0.4090221249909314,0.5193185724672992,0.008924317962596772,0.005840019410181749,0.5103942545047024,6.0,0.9955037268390589,CORE,"SRLN, ET, FZROX, STX, IWF"
0.3531997491406438,0.4131694898971482,0.007949502159493204,0.0051629782793012145,0.405219987737655,6.0,0.9955037268390589,CORE,"CTAS, ARKQ, AIQ, TNET, IAU"
0.3411073807063198,0.38245669954642847,0.008371049933370326,0.004702307233616847,0.3740856496130581,6.0,0.9955037268390589,CORE,"FXAIX, FCNTX, AGI, FSKAX, FXI"
0.31046528006006074,0.34334052511065405,0.008607650723160965,0.005841367687425405,0.3347328743874931,6.0,0.9955037268390589,CORE,"OR, SPY, DSGR, UMC, COMT"
0.31861118827009804,0.3135724941542706,0.007865665603533746,0.005324914212399532,0.30570682855073683,6.0,0.9955037268390589,CORE,"BOIL, LNG, ARKX, GLW, AIQ"
0.36939267279319465,0.4551705661128946,0.00849777411926157,0.005794929981271836,0.446672791993633,6.0,0.9955037268390589,CORE,"USO, RHI, WCLD, VIG, SRLN"
0.3403432001581465,0.39662142931837513,0.008882580802977295,0.005069769819616788,0.38773884851539786,6.0,0.9955037268390589,CORE,"ARKQ, WEAT, HFFG, LYB, IAU"
0.27649293106636597,0.26988530816716005,0.008196435981379485,0.0058388070427564925,0.2616888721857806,6.0,0.9955037268390589,CORE,"TRRBX, MTUM, FBGRX, CTAS, USO"
0.34031665413732476,0.4297582469485788,0.00859486874357548,0.0051338809518682365,0.4211633782050033,6.0,0.9955037268390589,CORE,"NDAQ, JD, EA, VFIAX, MTUM"
0.45902005930831835,0.4931437936776886,0.01060319954038446,0.004872838359011405,0.48254059413730416,6.0,0.9955037268390589,CORE,"IWF, ARKW, FCNTX, LYB, SYPR"
0.37278838880762605,0.39599369063928436,0.009314993200624962,0.00592715715956578,0.3866786974386594,6.0,0.9955037268390589,CORE,"HOLX, JNK, ET, GSG, LNG"
0.581863544233052,0.5493000694223159,0.008576872882310085,0.00557289433263506,0.5407231965400058,6.0,0.9955037268390589,CORE,"ARKW, OR, PPLT, STX, QQQ"
0.19660004796947822,0.2309620225316337,0.0077101171657693035,0.005348993047660765,0.2232519053658644,6.0,0.9955037268390589,CORE,"BKLN, COMT, USO, BLKB, UNG"
0.3235232051823648,0.37895771701273917,0.009035737484645093,0.006423740344703451,0.3699219795280941,6.0,0.9955037268390589,CORE,"DBA, PRGFX, IGV, QUAL, HYG"
0.41717411197930193,0.4071666729483255,0.008933340664835247,0.006339735936574579,0.3982333322834902,6.0,0.9955037268390589,CORE,"FCNTX, HYG, SKM, SMCI, FINX"
0.4915088968068714,0.507049673427929,0.007631908732805723,0.00504295672048009,0.4994177646951232,6.0,0.9955037268390589,CORE,"WDC, NDAQ, TRRNX, DIA, TRRDX"
0.3957040693623641,0.3549252812245363,0.007785584315609492,0.006078945905733835,0.3471396969089268,6.0,0.9955037268390589,CORE,"SJNK, NGD, PREIX, ARKQ, VIGAX"
0.43052293084153676,0.442249716331906,0.006444141249757466,0.00544718621051996,0.43580557508214857,6.0,0.9955037268390589,CORE,"PREIX, MSTR, VUG, HUN, FLRN"
0.3742413652761615,0.340590000313388,0.008889462222067018,0.006095136924179192,0.33170053809132094,6.0,0.9955037268390589,CORE,"SIRI, MTUM, TRLGX, DIA, TRRBX"
0.44427943151840243,0.46396977305211495,0.008781535313844362,0.0048043576110017635,0.4551882377382706,6.0,0.9955037268390589,CORE,"NSP, NGD, ARKX, PRILX, FXAIX"
0.3902472873640567,0.5067480931363512,0.00840145406610466,0.005621418193728476,0.4983466390702465,6.0,0.9955037268390589,CORE,"TRBCX, QUAL, VTIP, UNG, VIG"
0.34882534316085395,0.3588902725113618,0.008644486278849643,0.007357261691296055,0.3502457862325122,6.0,0.9955037268390589,CORE,"PRWCX, CTAS, TNET, ARKW, VIG"
0.47791589059348855,0.4257949449777231,0.00815469668163923,0.005529221216492754,0.41764024829608387,6.0,0.9955037268390589,CORE,"CTAS, CTLP, QUAL, FDS, ARKK"
0.27319805891813914,0.2994948907139368,0.006986569763984865,0.004827005577040957,0.29250832094995194,6.0,0.9955037268390589,CORE,"VTIP, GSG, SIZE, AL, SJNK"
0.39177761543191575,0.3951914357585736,0.00926338410747995,0.005115818316057679,0.3859280516510936,6.0,0.9955037268390589,CORE,"PRILX, EIX, TYL, ET, HOLX"
0.28681974614007794,0.28657808945635915,0.008609636977232174,0.005480865905187169,0.277968452479127,6.0,0.9955037268390589,CORE,"IAU, FNDX, VIGAX, AL, RHI"
0.4842691835231077,0.5608805319034196,0.007988880563155205,0.005290210644129417,0.5528916513402644,6.0,0.9955037268390589,CORE,"HYG, SHYG, BVN, SPYG, SIZE"
0.3247846951341704,0.3402788374915449,0.009724282993000185,0.006405677136502205,0.3305545544985447,6.0,0.9955037268390589,CORE,"UNG, PSJ, EPD, EMB, VFIAX"
0.39961671708976326,0.3779091816040899,0.008622343435161477,0.004247711037598752,0.36928683816892843,6.0,0.9955037268390589,CORE,"VTI, SFTBY, UNG, MTUM, SPYG"
0.47416398210538563,0.5470474472003158,0.00797351019617391,0.006150165915440574,0.539073937004142,6.0,0.9955037268390589,CORE,"VIG, IGV, PRGFX, SPYG, IWF"
0.34890202315621854,0.4237435168475725,0.008339312673087025,0.005292489930812656,0.4154042041744855,6.0,0.9955037268390589,CORE,"FCNTX, CBZ, BOIL, SYPR, ITOT"
0.36494795352717224,0.381004359879159,0.008496004497444158,0.005416148183592649,0.37250835538171484,6.0,0.9955037268390589,CORE,"AGI, MSTR, PALL, CTLP, GLW"
0.34953005770521867,0.38840397486386713,0.00872560082325955,0.004527652913008362,0.37967837404060756,6.0,0.9955037268390589,CORE,"EIX, HYG, EMB, TRRBX, BKLN"
0.4074269653885159,0.3744422888523259,0.009382097388827216,0.006255613579427946,0.36506019146349866,6.0,0.9955037268390589,CORE,"SKYY, TRRNX, PNR, CTLP, UMC"
0.4285982869674084,0.5290146004586772,0.008214506463189507,0.005804278546286608,0.5208000939954877,6.0,0.9955037268390589,CORE,"VFIAX, UMC, GLD, SPY, JEF"
0.44730589452174696,0.5165773564915073,0.007810941522792816,0.005400042018438489,0.5087664149687144,6.0,0.9955037268390589,CORE,"SNBR, ARCC, XLC, XLY, ET"
0.42319240603732067,0.38570029269395945,0.009042840765219311,0.004908669151441705,0.3766574519287401,6.0,0.9955037268390589,CORE,"WTI, VNDA, FXAIX, FLRN, SHOO"
0.3457219642503157,0.3418783329189627,0.008375974913574303,0.0050506221994284705,0.3335023580053884,6.0,0.9955037268390589,CORE,"BOIL, ARKW, TRBCX, DSGR, SPYG"
0.42365666779735917,0.42571053210217924,0.008223762645895255,0.004376539477098196,0.417486769456284,6.0,0.9955037268390589,CORE,"NSP, SFTBY, DGRO, PRDGX, SMCI"
0.4295225437687884,0.48294113748101075,0.009378177603011668,0.006481130879477188,0.47356295987799907,6.0,0.9955037268390589,CORE,"BKLN, OR, VIGAX, FZROX, TRRDX"
0.40250084736261516,0.3635977920797631,0.009054754192343724,0.0056835098553613,0.35454303788741937,6.0,0.9955037268390589,CORE,"UNG, AL, SEE, DSGR, VIGAX"
0.21150658919537746,0.26713169178303314,0.008961261548776469,0.005257654677955614,0.2581704302342567,6.0,0.9955037268390589,CORE,"VUG, CBZ, BVN, PRDGX, NDAQ"
0.36246722074895404,0.3769698474986493,0.008157012725947231,0.0057026345826618535,0.3688128347727021,6.0,0.9955037268390589,CORE,"PNR, EMB, WDC, SNBR, DBA"
0.38123371801340256,0.4410225303018386,0.007617011982730323,0.004790348725851989,0.43340551831910823,6.0,0.9955037268390589,CORE,"VTI, TRBCX, SIZE, DIA, VOO"
0.40887746634549416,0.44945342438657965,0.007559852077965905,0.005720397647809652,0.44189357230861376,6.0,0.9955037268390589,CORE,"HOLX, CTAS, KOS, IAU, JD"
0.28160273014258635,0.36693462553431394,0.007630256149767695,0.004933474047310328,0.35930436938454624,6.0,0.9955037268390589,CORE,"FBGRX, UMC, CBZ, RHI, PSJ"
0.40067201883551534,0.37423796248282226,0.00809636648343047,0.006043755766219838,0.3661415959993918,6.0,0.9955037268390589,CORE,"JEF, GTLS, AGI, FLRN, UMC"
0.3778264568532822,0.3738255875403111,0.008699090160865031,0.005965677101090799,0.3651264973794461,6.0,0.9955037268390589,CORE,"FNDX, PRDGX, PREIX, SFTBY, NDAQ"
0.34791510423329247,0.4028172404156946,0.008825441861616474,0.004833755769874825,0.3939917985540781,6.0,0.9955037268390589,CORE,"BVN, UNG, SFTBY, GLW, KOS"
0.4327674176180611,0.4250990930197375,0.009460843831134763,0.005517357719208832,0.4156382491886027,6.0,0.9955037268390589,CORE,"IAU, EA, VIGAX, BLKB, SIZE"
0.3366611544528619,0.41929846293918727,0.008153981785346199,0.005825270732996197,0.41114448115384106,6.0,0.9955037268390589,CORE,"BYDDF, ARR, FTEC, TRLGX, KOLD"
0.2765951097711813,0.3426789295013147,0.008115669544305489,0.006055497142067273,0.3345632599570092,6.0,0.9955037268390589,CORE,"UNG, USO, SPY, MPLX, TRRDX"
0.42111288148180026,0.47882978567351253,0.008582997992296832,0.004401816772401851,0.4702467876812157,6.0,0.9955037268390589,CORE,"SHYG, PSJ, ITOT, BYDDF, FNDX"
0.3570142907989573,0.4020037167061078,0.009036511976163862,0.006343125620929954,0.39296720472994395,6.0,0.9955037268390589,CORE,"PPLT, FINX, ARR, FXI, VFIAX"
0.34396786888277764,0.3344789621987206,0.00855107899143587,0.00575429803132777,0.3259278832072847,6.0,0.9955037268390589,CORE,"ICE, SHOO, JNK, SPYG, PREIX"
0.4669394290227537,0.4515880297495363,0.007908994906751107,0.004855593825340034,0.4436790348427852,6.0,0.9955037268390589,CORE,"FDS, SRLN, WCLD, GME, ARKQ"
0.3311609262383251,0.3639673973330426,0.00905806699877327,0.004777465706063791,0.35490933033426936,6.0,0.9955037268390589,CORE,"EMB, SFTBY, SYPR, ITOT, CTAS"
0.3014452210183447,0.33726556449908596,0.009611445045073396,0.005447099352180052,0.32765411945401257,6.0,0.9955037268390589,CORE,"ITOT, TRRDX, SFTBY, SKYY, PRDGX"
0.4240918906344765,0.42033147702322154,0.008940479988397565,0.006348114691630249,0.41139099703482396,6.0,0.9955037268390589,CORE,"XLY, DBA, JNK, IGV, PREIX"
0.2730254907954802,0.3018808642157575,0.007585619552294943,0.004725258656787176,0.2942952446634626,6.0,0.9955037268390589,CORE,"HFFG, ICE, TNET, WEAT, TRRBX"
0.2912915947601581,0.360784881293865,0.007872524558644855,0.005102711736262028,0.35291235673522015,6.0,0.9955037268390589,CORE,"EMB, RHI, LYB, ICE, KOLD"
0.5462269611154704,0.5823631122338988,0.008725394000451124,0.005433736468602161,0.5736377182334477,6.0,0.9955037268390589,CORE,"ITOT, BLKB, GLW, TRRNX, QQQ"
0.5366604659067021,0.5445276674009535,0.007937732338975325,0.005179358069532608,0.5365899350619782,6.0,0.9955037268390589,CORE,"FLRN, FZROX, CSGP, AGNC, SHYG"
0.41102952924514996,0.4085598374526453,0.009238910028335618,0.005778796533428239,0.3993209274243097,6.0,0.9955037268390589,CORE,"PRGFX, FCNTX, IGV, RHI, SLV"
0.43831409085926226,0.41296952816289756,0.0080527831025878,0.005786875426325052,0.4049167450603098,6.0,0.9955037268390589,CORE,"PSJ, FLRN, JNK, WCLD, AGI"
0.3995348366533757,0.41440759474068317,0.0077117584660392645,0.0057016778293339145,0.4066958362746439,6.0,0.9955037268390589,CORE,"TNET, PSJ, PRWCX, BLKB, FTEC"
0.352705845976213,0.3498827103866799,0.009240658622611742,0.004548197311456654,0.34064205176406814,6.0,0.9955037268390589,CORE,"FNDX, JEF, BVN, GSG, SEE"
0.40612779107223673,0.4160223090745292,0.007851138844799847,0.005666585863437275,0.4081711702297294,6.0,0.9955037268390589,CORE,"AGNC, UNG, MTUM, NGD, VIG"
0.40175227525776036,0.41301291594695794,0.007452959496534583,0.005971646252981066,0.40555995645042336,6.0,0.9955037268390589,CORE,"IGV, QUAL, NGD, WTI, BOIL"
0.5299806562243836,0.4751837385659144,0.007922881669808767,0.005602752194190078,0.46726085689610564,6.0,0.9955037268390589,CORE,"SNBR, SJNK, MSTR, ITOT, FZROX"
0.3786414922273201,0.38259248602073365,0.009063902335402132,0.006048783645106477,0.37352858368533154,6.0,0.9955037268390589,CORE,"HOLX, HYG, TRRBX, TNET, WTI"
0.4552426713605182,0.48000200015061767,0.009325480729778034,0.005795609933311368,0.47067651942083966,6.0,0.9955037268390589,CORE,"VIG, UMC, VUG, ITOT, PNR"
0.27856940369535116,0.27977287260222367,0.008029895355523751,0.006534868455759906,0.27174297724669993,6.0,0.9955037268390589,CORE,"PGX, SYPR, USO, FINX, BKLN"
0.31404185871630924,0.32957110269164475,0.008664104468069457,0.004676143183850782,0.32090699822357527,6.0,0.9955037268390589,CORE,"SLV, NDAQ, SJNK, SFTBY, PSJ"
0.4028533714567921,0.35490540785198493,0.006837204545520181,0.005156436981507391,0.34806820330646476,6.0,0.9955037268390589,CORE,"PPLT, BLKB, TTMI, TRRBX, ITOT"
0.5493710435474759,0.5675914789667302,0.007172492511182074,0.004818649663818473,0.5604189864555481,6.0,0.9955037268390589,CORE,"SRLN, MTUM, WDC, TRRNX, USO"
0.3825080910762175,0.3305703297221093,0.009489077360358544,0.005675389180088272,0.3210812523617508,6.0,0.9955037268390589,CORE,"PNR, VTSAX, CTAS, GTLS, TRRNX"
0.41185493699584275,0.39165728351857293,0.0076259217511698875,0.005439091021211332,0.38403136176740305,6.0,0.9955037268390589,CORE,"ITOT, IGV, JEF, AGNC, VIG"
0.44258815208722,0.43692287295356463,0.008966292986837043,0.004283564539240817,0.4279565799667276,6.0,0.9955037268390589,CORE,"ARKQ, PRGFX, FXI, SPY, PGX"
0.3538611103975563,0.32216082492620196,0.008586683963134932,0.006092829585238017,0.313574140963067,6.0,0.9955037268390589,CORE,"ARKX, GME, FINX, XLY, FCNTX"
0.36000552010206555,0.3464317699117502,0.008360304984479407,0.004685944365247168,0.33807146492727075,6.0,0.9955037268390589,CORE,"BYDDF, EPD, SYPR, PGX, PRDGX"
0.3749365735088849,0.4268183889969917,0.007477711497060318,0.0042239342042946545,0.41934067749993137,6.0,0.9955037268390589,CORE,"XLY, WEAT, PRDGX, HFFG, ARKW"
0.46723330003311625,0.47770620217116855,0.008605858382520497,0.00535077394655759,0.46910034378864807,6.0,0.9955037268390589,CORE,"IGV, EIX, SIZE, CTLP, JNK"
0.30728170689785617,0.3280828083627425,0.008271487566448946,0.005854671076378684,0.31981132079629354,6.0,0.9955037268390589,CORE,"HUN, DBA, HYG, PRILX, FSKAX"
0.2999885380343083,0.35074824588123527,0.006935791803759943,0.004896134885730273,0.34381245407747535,6.0,0.9955037268390589,CORE,"GLW, GLNG, STX, OR, WEAT"
0.42681179744729597,0.43212320428411527,0.008476709547756492,0.004784820212267025,0.4236464947363588,6.0,0.9955037268390589,CORE,"AL, DSGR, IGV, ITOT, HFFG"
0.4430369446058457,0.4224416120333377,0.007960207416537638,0.0060451168830801105,0.41448140461680005,6.0,0.9955037268390589,CORE,"PGX, STX, GLD, CTAS, FZROX"
0.39598987310586303,0.3759725769555279,0.009733606898619775,0.005360828344811843,0.3662389700569081,6.0,0.9955037268390589,CORE,"VTI, IVV, DIA, LYB, DSGR"
0.2845301612165408,0.31825104603170695,0.0076907686962205055,0.004520187802001301,0.31056027733548647,6.0,0.9955037268390589,CORE,"EPD, HFFG, WCLD, FZROX, PPLT"
0.33181096852794556,0.40083751927880534,0.00900655496356308,0.005616559580711297,0.3918309643152423,6.0,0.9955037268390589,CORE,"AGNC, ARKW, BYDDF, GSG, ARCC"
0.43036780872365715,0.4080634410880155,0.008900708883702124,0.004853143914292745,0.39916273220431336,6.0,0.9955037268390589,CORE,"OR, PNR, MSTR, HYG, CBZ"
0.2837884172945585,0.28193607322498093,0.009067186533119997,0.005302483020054205,0.27286888669186093,6.0,0.9955037268390589,CORE,"GTLS, PPLT, EIX, SIRI, LNG"
0.34965309550108004,0.40855669164171277,0.008395063101680237,0.005838328340788063,0.4001616285400325,6.0,0.9955037268390589,CORE,"QUAL, VTIP, AL, SLV, DGRO"
0.35944588016584356,0.4375326120121245,0.00923615408663562,0.0049734134724892685,0.42829645792548887,6.0,0.9955037268390589,CORE,"DSGR, CSGP, HOLX, WCLD, JEF"
0.4390195342143347,0.47304201120972494,0.007932099649879868,0.004807642648058261,0.4651099115598451,6.0,0.9955037268390589,CORE,"SYPR, ARKW, HYG, SNBR, ARKQ"
0.3753161602019066,0.3256385418260932,0.007766166464802966,0.006228360084728094,0.3178723753612902,6.0,0.9955037268390589,CORE,"FXAIX, EMB, SNBR, PPLT, WEAT"
0.34303397061366436,0.3890493586017342,0.007802109045213834,0.005247219094707027,0.38124724955652034,6.0,0.9955037268390589,CORE,"FDS, GSG, PPLT, LNG, WDC"
0.28904017601170895,0.29404189884478976,0.009435353333033396,0.00541114913698837,0.28460654551175635,6.0,0.9955037268390589,CORE,"NGD, CSGP, UMC, XLY, SLV"
0.42184049413958147,0.42181091988627645,0.009348167840792676,0.004458596427237548,0.41246275204548377,6.0,0.9955037268390589,CORE,"PRILX, NDAQ, JNK, ICE, EIX"
0.3253628824099738,0.40402642106928055,0.007155635373294778,0.005290294181078522,0.3968707856959858,6.0,0.9955037268390589,CORE,"ARR, WEAT, XLC, GLD, IGV"
0.33051209062367637,0.3854436351506353,0.00829369101280245,0.005423362686054604,0.3771499441378328,6.0,0.9955037268390589,CORE,"BYDDF, TNET, BOIL, SYPR, LYB"
0.29610850717635545,0.295167353882976,0.00817354903970757,0.004131946734821033,0.2869938048432684,6.0,0.9955037268390589,CORE,"SYPR, CTLP, GLD, PREIX, FSKAX"
0.40646451317422005,0.4344224001775883,0.008025860226697407,0.004740188530647749,0.4263965399508909,6.0,0.9955037268390589,CORE,"FINX, SPYG, GTLS, DGRO, VFIAX"
0.4447387082625517,0.5053418632697192,0.008570938269192103,0.005997826845479216,0.4967709250005271,6.0,0.9955037268390589,CORE,"PREIX, VIG, SRLN, FZROX, WDC"
0.3374863543353827,0.3421404151592309,0.008200903101754038,0.0053951634868044315,0.33393951205747685,6.0,0.9955037268390589,CORE,"WCLD, NSP, CSGP, FDS, FNDX"
0.3244462046638823,0.33633349790408773,0.009197437536136744,0.005534069433235918,0.327136060367951,6.0,0.9955037268390589,CORE,"PGX, GLNG, DIA, KOLD, UMC"
0.376213201630028,0.38843138102543295,0.008284821198814806,0.00505990564752311,0.38014655982661816,6.0,0.9955037268390589,CORE,"PRGFX, HOLX, SIZE, LYB, UMC"
0.3476994583223239,0.353771255317334,0.008596523363187504,0.006145224775587265,0.3451747319541465,6.0,0.9955037268390589,CORE,"IWF, QUAL, SKYY, GLNG, GME"
0.4441168569547158,0.49186533157736884,0.008266921731095883,0.004662579749601816,0.48359840984627295,6.0,0.9955037268390589,CORE,"PNR, ARKW, SKYY, SPYG, AGNC"
0.38204280925030143,0.36853245235590376,0.007519485586911156,0.004770758642458018,0.3610129667689926,6.0,0.9955037268390589,CORE,"FTEC, ARCC, GLD, BOIL, ITOT"
0.35432409684008825,0.38518888447504074,0.008282647712149786,0.0057676710177843185,0.376906236762891,6.0,0.9955037268390589,CORE,"ARKK, BVN, ARR, TRRDX, SYPR"
0.3644541621535905,0.3649016443460869,0.007462022052530148,0.0052552912773947595,0.35743962229355675,6.0,0.9955037268390589,CORE,"ARCC, XLC, FCNTX, WDC, TRRDX"
0.33109440868933104,0.3877432990832364,0.008294292484643726,0.004782166675008376,0.37944900659859265,6.0,0.9955037268390589,CORE,"DSGR, OR, TYL, GLNG, SKM"
0.41257567043787335,0.4655782853026605,0.009551674030436106,0.004872762248898009,0.4560266112722244,6.0,0.9955037268390589,CORE,"UNG, CSGP, FCNTX, FDS, TRRDX"
0.344537485101734,0.37000070166242793,0.009047792222523303,0.006195013927002318,0.36095290943990466,6.0,0.9955037268390589,CORE,"COMT, MPLX, BVN, ARKX, HOLX"
0.3505667022850373,0.36560275451053925,0.007748604610229142,0.005423320958466188,0.3578541499003101,6.0,0.9955037268390589,CORE,"PRILX, GLNG, AGI, BVN, SKM"
0.3788729757292298,0.39986037166600974,0.00921599110896699,0.006056521353606862,0.39064438055704276,6.0,0.9955037268390589,CORE,"WDC, SKM, AGI, TRRBX, FNDX"
0.367136381812913,0.41819399428501536,0.007898505570650369,0.00590302594581024,0.410295488714365,6.0,0.9955037268390589,CORE,"GTLS, BLKB, WCLD, BKLN, EPD"
0.32345594315591175,0.3575351277726686,0.007329919073086051,0.0057044215659883615,0.35020520869958255,6.0,0.9955037268390589,CORE,"BKLN, MSTR, SRLN, ARKK, WEAT"
0.51139840167631,0.5179085402957438,0.007011545207970918,0.00578002251662065,0.510896995087773,6.0,0.9955037268390589,CORE,"GME, IAU, FXAIX, ARCC, ARKX"
0.4430024990601592,0.4642145280891745,0.007929545402643703,0.0059276787457025045,0.45628498268653084,6.0,0.9955037268390589,CORE,"UNG, ARKX, LNG, PREIX, IAU"
0.33284314937896725,0.3675586043770316,0.008648280162293116,0.005966724777164205,0.35891032421473845,6.0,0.9955037268390589,CORE,"COMT, GSG, MTUM, SHYG, MSTR"
0.333440667781979,0.38637049402191787,0.008062768669922164,0.005498745714940073,0.3783077253519957,6.0,0.9955037268390589,CORE,"AGI, FBGRX, BVN, XLC, PALL"
0.3993904206574812,0.4375901457476748,0.007492602530083919,0.007146065477133638,0.43009754321759086,6.0,0.9955037268390589,CORE,"BLKB, SLV, ARKX, BVN, IAU"
0.4510013926278336,0.4637206142467799,0.006918810755900419,0.004005954263092332,0.4568018034908795,6.0,0.9955037268390589,CORE,"HFFG, FDS, ITOT, BLKB, JEF"
0.2624321704107161,0.28410091063562054,0.007992660892869687,0.005389180798139963,0.27610824974275083,6.0,0.9955037268390589,CORE,"DSGR, BVN, STX, GME, SEE"
0.32257976709055586,0.36497921464631944,0.007998950643834582,0.004811838430857413,0.35698026400248484,6.0,0.9955037268390589,CORE,"RHI, PPLT, SFTBY, DIA, GSG"
0.3611846381364007,0.3854651353976577,0.006730127199384126,0.005746304039032227,0.37873500819827355,6.0,0.9955037268390589,CORE,"NGD, VNDA, RHI, PRILX, PSJ"
0.4536393327939014,0.4365045937686643,0.007882016646935205,0.00540404318762657,0.4286225771217291,6.0,0.9955037268390589,CORE,"SNBR, USO, FCNTX, AGI, PGX"
0.3071331362280098,0.3897020953352365,0.007425139869349511,0.00481729896042856,0.38227695546588697,6.0,0.9955037268390589,CORE,"TRLGX, TYL, OR, EA, SKYY"
0.3869978966198455,0.35776697251950373,0.0088853000464,0.005488232213257139,0.34888167247310375,6.0,0.9955037268390589,CORE,"SIRI, FDS, IAU, DIA, PSJ"
0.30843965437486215,0.354358504822486,0.008412862080713342,0.005459481487870537,0.34594564274177264,6.0,0.9955037268390589,CORE,"QUAL, VIGAX, NGD, TYL, HFFG"
0.33842033589953185,0.321047783539365,0.007068621318507601,0.005927411371909193,0.31397916222085737,6.0,0.9955037268390589,CORE,"TRRBX, ARKQ, IVV, JD, HYG"
0.3759942512783873,0.3873345913753497,0.007783080807427287,0.005086083012075932,0.3795515105679224,6.0,0.9955037268390589,CORE,"NDAQ, HYG, FNDX, STX, COMT"
0.3527423774885161,0.34928521799255857,0.008147288571823785,0.0057239658545155565,0.3411379294207348,6.0,0.9955037268390589,CORE,"SFTBY, ARKW, GTLS, FCNTX, SEE"
0.49696683162841326,0.49836185644724335,0.008445285268136503,0.005659588193039412,0.48991657117910686,6.0,0.9955037268390589,CORE,"GTLS, KOLD, BKLN, MSTR, DSGR"
0.5440816083781104,0.5614476686736162,0.008454633950810963,0.006567444970979743,0.5529930347228053,6.0,0.9955037268390589,CORE,"FINX, IWF, QQQ, ARKX, WTI"
0.4139936291062089,0.49543253800573106,0.008790420838342236,0.005418748037872114,0.4866421171673888,6.0,0.9955037268390589,CORE,"UMC, TYL, VTI, PRGFX, PNR"
0.3920216138844893,0.5205626118602383,0.007669841095298108,0.005426601467363471,0.5128927707649402,6.0,0.9955037268390589,CORE,"VTI, JD, BYDDF, EMB, ARKQ"
0.36493617381378524,0.3077972467771802,0.008712465448176753,0.004993575273644155,0.2990847813290034,6.0,0.9955037268390589,CORE,"SMCI, SFTBY, AL, FZROX, IWF"
0.2728409861394122,0.2991081605526493,0.008830168052738613,0.005955236515264931,0.2902779924999107,6.0,0.9955037268390589,CORE,"UNG, SPYG, IAU, FCNTX, SYPR"
0.3689220523171031,0.4384189173927935,0.007857849879528114,0.0053640330362954335,0.4305610675132654,6.0,0.9955037268390589,CORE,"DGRO, TRRBX, PNR, CTLP, QUAL"
0.3846977313092512,0.3575619915704608,0.007487291437192448,0.00577137122554782,0.35007470013326836,6.0,0.9955037268390589,CORE,"WDC, SHYG, ITOT, PRILX, FXI"
0.33114534911841287,0.351206109923243,0.008061474143359965,0.004861066030227932,0.3431446357798831,6.0,0.9955037268390589,CORE,"ARKK, AGI, KOLD, PALL, PPLT"
0.4250263831021465,0.4306484686793302,0.008125785804149388,0.00472472485832771,0.4225226828751808,6.0,0.9955037268390589,CORE,"SYPR, PRDGX, DBA, VTI, NGD"
0.4067197352770653,0.46783488690845937,0.008514940128517804,0.005476101681783499,0.4593199467799416,6.0,0.9955037268390589,CORE,"XLY, KOLD, JD, BKLN, ET"
0.4316806775328099,0.4433455801012329,0.008362437989832008,0.00519929568950426,0.4349831421114009,6.0,0.9955037268390589,CORE,"PRDGX, EA, GLW, TYL, BOIL"
0.299245735011521,0.34864732709122725,0.008548315377306128,0.005269023729433955,0.34009901171392115,6.0,0.9955037268390589,CORE,"FTEC, EPD, KOS, SYPR, LNG"
0.46494091543555266,0.4810715419354512,0.007375505139523734,0.0048028357988290785,0.4736960367959275,6.0,0.9955037268390589,CORE,"GSG, PRWCX, ET, QQQ, JD"
0.3417583121792853,0.3318425090398464,0.008222701712504898,0.0056791032445066315,0.3236198073273415,6.0,0.9955037268390589,CORE,"SHYG, HFFG, ARKX, HYG, TRBCX"
0.4370048402127449,0.45612083568699285,0.008025318063538744,0.005085831115725283,0.4480955176234541,6.0,0.9955037268390589,CORE,"ARKK, KOS, SKYY, SRLN, FLRN"
0.3748910105837649,0.3319413277489707,0.008540094258226633,0.005067834010808563,0.3234012334907441,6.0,0.9955037268390589,CORE,"SIRI, RHI, DSGR, ARR, GLNG"
0.4775565051123933,0.4839022046720735,0.0069040258851348745,0.005458503997436991,0.4769981787869386,6.0,0.9955037268390589,CORE,"ARKW, VUG, XLC, EMB, PRWCX"
0.34445525784289005,0.3829836556083806,0.009197075895757932,0.005139867253567216,0.3737865797126227,6.0,0.9955037268390589,CORE,"IGV, SKM, TRRNX, ITOT, SFTBY"
0.4592645614717684,0.47277256056636235,0.007903625233070935,0.006013926348899886,0.46486893533329143,6.0,0.9955037268390589,CORE,"QQQ, SHYG, TTMI, HYG, GSG"
0.37554605027252536,0.3717672832394699,0.00912967011275787,0.005750072738680535,0.362637613126712,6.0,0.9955037268390589,CORE,"PGX, IWF, TTMI, PREIX, SFTBY"
0.3253619099473626,0.36477526042762304,0.009131422496088537,0.005227017089337642,0.3556438379315345,6.0,0.9955037268390589,CORE,"VTI, NSP, PRWCX, FBGRX, HOLX"
0.3043003491102938,0.381980251086996,0.008838451683301385,0.005373123396133501,0.37314179940369463,6.0,0.9955037268390589,CORE,"SJNK, WCLD, STX, SHYG, FSKAX"
0.4792256588382779,0.4318712772456398,0.00857220496486826,0.005206009476558801,0.4232990722807715,6.0,0.9955037268390589,CORE,"SPY, FXI, JEF, STX, TTMI"
0.3814660336263719,0.405117406032257,0.008249183647279824,0.006382270030261497,0.39686822238497715,6.0,0.9955037268390589,CORE,"BYDDF, ARCC, HFFG, IWF, EMB"
0.2792809733107876,0.3571723749040653,0.008792019554513501,0.005211247049827186,0.3483803553495518,6.0,0.9955037268390589,CORE,"ICE, AGI, IAU, GTLS, QUAL"
0.28272142678165496,0.3472145761826618,0.009812400924089304,0.00541721273445089,0.3374021752585725,6.0,0.9955037268390589,CORE,"VUG, SFTBY, VIG, WCLD, ARKX"
0.33330787724500255,0.3667252180965326,0.007321973390656933,0.004124625915271635,0.35940324470587565,6.0,0.9955037268390589,CORE,"SIRI, SEE, SKYY, WEAT, ARKK"
0.3246748068913433,0.36344960516794517,0.008807928544029219,0.006532975027702988,0.35464167662391594,6.0,0.9955037268390589,CORE,"PRDGX, TRRDX, FRPT, MPLX, CTLP"
0.4390028282038394,0.3929435615778027,0.007873341815142305,0.00511955859163198,0.38507021976266037,6.0,0.9955037268390589,CORE,"XLY, COMT, XLC, AGI, FXAIX"
0.3606985264076812,0.4067995416576281,0.008974166991413117,0.0068687862851842555,0.397825374666215,6.0,0.9955037268390589,CORE,"FRPT, UNG, JNK, VIGAX, ARCC"
0.39421692070393727,0.41612640709784576,0.008875776156027228,0.004436866147834134,0.4072506309418185,6.0,0.9955037268390589,CORE,"ARKX, DGRO, FCNTX, SJNK, VIG"
0.34256512175696313,0.3231949860467866,0.008617885797334267,0.005217893748793209,0.31457710024945235,6.0,0.9955037268390589,CORE,"TRRNX, PGX, SKM, SIRI, WEAT"
0.36341082058176377,0.3837953009720988,0.00857701785975643,0.004760884019897749,0.37521828311234234,6.0,0.9955037268390589,CORE,"LNG, EA, VTI, SKYY, BKLN"
0.39687309538212623,0.47181274280845764,0.008865149863722131,0.005545163245055661,0.46294759294473553,6.0,0.9955037268390589,CORE,"SHOO, EMB, ARKK, TRRDX, TRRBX"
0.39770553908155953,0.43840706300787935,0.008819653608490586,0.004491862573499817,0.4295874093993888,6.0,0.9955037268390589,CORE,"ARCC, BVN, ET, PSJ, FXAIX"
0.3138574400869253,0.34656874749491656,0.008269713971881304,0.005445600523647773,0.33829903352303525,6.0,0.9955037268390589,NON_CORE,"INSW, KHC, BURL, BMO, YPF"
0.29960628166596565,0.24855981020183338,0.009966129976285045,0.005717061538187244,0.23859368022554833,6.0,0.9955037268390589,NON_CORE,"IR, BLDR, NVAX, RWX, DHI"
0.3245990785935805,0.30400437769672733,0.008510933221697502,0.005455263858539442,0.29549344447502984,6.0,0.9955037268390589,NON_CORE,"TSN, MNSB, KLIC, PSMT, JETS"
0.2798556378562821,0.2486517293872915,0.009163481922688276,0.005303724056165189,0.2394882474646032,6.0,0.9955037268390589,NON_CORE,"QRVO, CALM, SLX, MTN, DKNG"
0.30710168801990984,0.2853671208943197,0.00909611296045723,0.0058336457354941414,0.2762710079338625,6.0,0.9955037268390589,NON_CORE,"BKR, ANET, INSP, BB, PAR"
0.27941124728135425,0.2587217400089517,0.008789861762756136,0.005326783003034034,0.24993187824619556,6.0,0.9955037268390589,NON_CORE,"BYD, SCSC, CZR, HLIO, HL"
0.30882223830900996,0.34856556953963086,0.007987250547925847,0.004790165933906794,0.340578318991705,6.0,0.9955037268390589,NON_CORE,"IEF, ENOV, TER, SILJ, RCL"
0.2625494580097821,0.19987161522614655,0.00949980471687427,0.004649066840825874,0.19037181050927227,6.0,0.9955037268390589,NON_CORE,"INN, BCS, AVNS, LPLA, WHR"
0.2518947467821518,0.27176525034874693,0.00851416429250445,0.005553342875671335,0.2632510860562425,6.0,0.9955037268390589,NON_CORE,"FANG, BYRN, MEDP, AXSM, DNLI"
0.25814626878204394,0.24534216827572075,0.007143920630435915,0.005175930300588511,0.23819824764528483,6.0,0.9955037268390589,NON_CORE,"LEA, NMIH, HY, TTE, KKR"
0.30310665951967336,0.31248177578339026,0.00906815038020103,0.006211597003938906,0.3034136254031892,6.0,0.9955037268390589,NON_CORE,"AKR, CALM, VNOM, MOS, ICLN"
0.30279934358535066,0.248610193780773,0.009463994102719192,0.005549443690228971,0.2391461996780538,6.0,0.9955037268390589,NON_CORE,"SYY, URA, TGT, RGEN, BYRN"
0.263255244492332,0.27868451034025354,0.008819687224114848,0.005515139804498246,0.2698648231161387,6.0,0.9955037268390589,NON_CORE,"SMR, PRMSX, ASGN, MCO, DD"
0.2796418599855345,0.28419078939528414,0.00882198205924302,0.00612160044567202,0.27536880733604113,6.0,0.9955037268390589,NON_CORE,"FTNT, CARG, TFC, HL, FLWS"
0.28452560903324686,0.2993322264894128,0.008088069479629955,0.006288894812184846,0.29124415700978284,6.0,0.9955037268390589,NON_CORE,"SAFT, RRC, LEN, LECO, WRB"
0.26528089246463354,0.25064042792022306,0.008881199575632664,0.005375594235617562,0.2417592283445904,6.0,0.9955037268390589,NON_CORE,"SEB, GOGO, KKR, EME, PUMSY"
0.22785541102195928,0.23267239321472755,0.007381540829377852,0.005069376360931925,0.22529085238534968,6.0,0.9955037268390589,NON_CORE,"SMPL, SWBI, LXU, WPM, NTNX"
0.2978723942332052,0.25002586180251224,0.009182223472913432,0.005338257631126953,0.24084363832959882,6.0,0.9955037268390589,NON_CORE,"SRE, GPRE, AWAY, MBB, EPAC"
0.29303125143470854,0.3085970931054782,0.008740038729301592,0.00519851381444524,0.29985705437617666,6.0,0.9955037268390589,NON_CORE,"ALKT, GLPI, CHRW, BYD, GLOB"
0.2917673850380347,0.3678364242109891,0.008802377066990249,0.006465647037333415,0.35903404714399884,6.0,0.9955037268390589,NON_CORE,"LCII, MSCI, TMF, TRN, NBR"
0.22365342967493093,0.21709819707688024,0.008244184778496607,0.005727419992278415,0.20885401229838363,6.0,0.9955037268390589,NON_CORE,"HROW, AEP, CHKP, BYRN, BURL"
0.3311092957588484,0.3043299881365455,0.008860855070231606,0.005470813613612106,0.2954691330663139,6.0,0.9955037268390589,NON_CORE,"EFSC, DDOG, TNK, UPS, SAIA"
0.34842298855866216,0.3240452168180285,0.006997400509138011,0.005708114386475183,0.3170478163088905,6.0,0.9955037268390589,NON_CORE,"MCRI, SCHD, ICLN, AAPL, SMPL"
0.31006019706862203,0.2819969111238211,0.007954250150921868,0.005841433441972678,0.2740426609728992,6.0,0.9955037268390589,NON_CORE,"INN, DBX, HON, STKL, FTV"
0.28877198465867404,0.22876119221417635,0.0070613346677573215,0.00487497341937458,0.22169985754641902,6.0,0.9955037268390589,NON_CORE,"ZS, NVST, SMR, UHAL, JPM"
0.2669653345600542,0.22294127623932308,0.008082870098039633,0.005934113598821608,0.21485840614128346,6.0,0.9955037268390589,NON_CORE,"MKTX, CAT, PAAS, WTS, CUBE"
0.26468999082281175,0.2807226922546008,0.007799360271069243,0.005200293306815344,0.2729233319835315,6.0,0.9955037268390589,NON_CORE,"VGIT, BRKR, INDA, TPL, SOFI"
0.2750730723576142,0.29864930479301777,0.009632441065167648,0.005825412164330014,0.2890168637278501,6.0,0.9955037268390589,NON_CORE,"HRTG, SHLS, VGSH, KNSL, ZG"
0.3076846898942212,0.2934322190625798,0.007975202617920249,0.005635516858767357,0.2854570164446596,6.0,0.9955037268390589,NON_CORE,"AN, ABG, HERO, HCSG, FXY"
0.2970473225907667,0.2821005604787999,0.008447006360409202,0.006598989884805274,0.2736535541183907,6.0,0.9955037268390589,NON_CORE,"ES, BLDP, FERG, TEX, XOP"
0.25722105906625153,0.2621627476431136,0.007579184002092782,0.004085665534650114,0.2545835636410208,6.0,0.9955037268390589,NON_CORE,"ZG, PGR, LI, AXON, TM"
0.2270964303231,0.2668017730619193,0.008168935487197165,0.005539295157924747,0.25863283757472216,6.0,0.9955037268390589,NON_CORE,"VMBS, JPM, PBR, HSY, IP"
0.27720098733507464,0.23834584477274012,0.008246166275704904,0.005443420474594117,0.23009967849703522,6.0,0.9955037268390589,NON_CORE,"CRM, BFAM, INN, FOXF, CHWY"
0.25726965045876204,0.22716176861585458,0.0081137827949927,0.005831346980631041,0.21904798582086188,6.0,0.9955037268390589,NON_CORE,"APPS, PGNY, UHAL, XOP, MANH"
0.24518657994659604,0.2599167951959827,0.008663013865040927,0.005888985368825996,0.2512537813309418,6.0,0.9955037268390589,NON_CORE,"XOP, UPWK, QDEL, CARG, PH"
0.3357107913190862,0.353240768885316,0.009303672563699723,0.004966111509330137,0.3439370963216163,6.0,0.9955037268390589,NON_CORE,"WEC, DB, HST, URBN, CUT"
0.25910033681460737,0.27395310456364436,0.009438643742293336,0.0048911537663856525,0.264514460821351,6.0,0.9955037268390589,NON_CORE,"CTVA, INGR, LMT, EQH, DRD"
0.25390887472545987,0.2827536030640815,0.009532671114713434,0.004578311303734043,0.27322093194936803,6.0,0.9955037268390589,NON_CORE,"EEM, WEC, EZPW, LUNA, GL"
0.25914824901372274,0.233988898323201,0.009249432888691704,0.004195656651509287,0.2247394654345093,6.0,0.9955037268390589,NON_CORE,"CHH, TEO, RBBN, SLX, CYRX"
0.30631014676350515,0.30663628647571256,0.008045769232559593,0.005766415945355108,0.29859051724315294,6.0,0.9955037268390589,NON_CORE,"KHC, FZILX, VLO, VWO, ACLS"
0.25482970414299927,0.230529063305064,0.008804842351990694,0.005605627390387455,0.22172422095307331,6.0,0.9955037268390589,NON_CORE,"RTX, CNC, ABT, IP, PAVE"
0.23176898853585923,0.2435919497694427,0.009695482850107028,0.005660950835961892,0.2338964669193357,6.0,0.9955037268390589,NON_CORE,"WU, ICHR, EOG, SLX, BRK-B"
0.29655883330478855,0.33694305997449403,0.008145847386945494,0.005509865826683792,0.3287972125875485,6.0,0.9955037268390589,NON_CORE,"VWO, UHAL, MSCI, JETS, NKE"
0.24412536410920707,0.3210711008657557,0.007140976796726333,0.004676855276994663,0.31393012406902937,6.0,0.9955037268390589,NON_CORE,"FCFS, YUM, VMI, CVE, FSLR"
0.32007083842104744,0.29571735844061725,0.00792689641471807,0.005611586572470873,0.2877904620258992,6.0,0.9955037268390589,NON_CORE,"KBE, TDG, HSBC, OUT, FUL"
0.2556327546115683,0.24989373129172543,0.008517817242132485,0.005436397013009293,0.24137591404959294,6.0,0.9955037268390589,NON_CORE,"RYAN, GILD, PUMP, KLIC, PFF"
0.30049682495543695,0.3177664217895723,0.007844224714152512,0.005515866558213509,0.3099221970754198,6.0,0.9955037268390589,NON_CORE,"VTR, KFRC, PH, RSP, HCA"
0.23765193137714416,0.2165602824851009,0.009732116902080387,0.005393973826883152,0.2068281655830205,6.0,0.9955037268390589,NON_CORE,"HROW, ICLN, AA, KMI, GRWG"
0.28175801039667525,0.26112280356457207,0.008200473755048846,0.005195906412669595,0.2529223298095232,6.0,0.9955037268390589,NON_CORE,"FRT, MNSB, DKNG, BABA, IEMG"
0.17912037632191785,0.24722275494282722,0.008260989070441904,0.005762803001497207,0.23896176587238532,6.0,0.9955037268390589,NON_CORE,"ACIW, CRWD, DBC, NGL, APPF"
0.261832910179148,0.2625490056128989,0.007447045283562182,0.005354500487311498,0.25510196032933674,6.0,0.9955037268390589,NON_CORE,"SCCO, PRGS, FXY, LRCX, CBRE"
0.27385597415828217,0.2709848149737464,0.0074445184214322335,0.00446148190166306,0.26354029655231415,6.0,0.9955037268390589,NON_CORE,"BMA, MBB, HERO, IYT, UPS"
0.33949767862114233,0.39112074046893536,0.006791379116630691,0.005757414243467949,0.38432936135230467,6.0,0.9955037268390589,NON_CORE,"RPM, NI, NBR, CW, DX"
0.27739586426217305,0.30340389664700546,0.009047663322326562,0.005422331097586316,0.2943562333246789,6.0,0.9955037268390589,NON_CORE,"CMC, HIMS, STE, VVIAX, COO"
0.3193640070012065,0.30362827728674,0.008638715292798756,0.005541895291857154,0.2949895619939413,6.0,0.9955037268390589,NON_CORE,"ZS, LPG, KNSA, OLED, NVST"
0.29500547599943416,0.27792767264355706,0.008915123116530813,0.005319226235332378,0.26901254952702625,6.0,0.9955037268390589,NON_CORE,"DVN, BB, BANF, VHYAX, UHAL"
0.28351496012077226,0.2466619762561774,0.008302876544905398,0.004985836757312849,0.238359099711272,6.0,0.9955037268390589,NON_CORE,"STE, HPK, TRNO, STKL, WPC"
0.2522426284284245,0.1930096560952517,0.009198383261965865,0.005638463494085077,0.18381127283328583,6.0,0.9955037268390589,NON_CORE,"FRT, DOW, MD, SMPL, ASX"
0.31550766630447835,0.3123791536314333,0.008467986092089888,0.0052050029159342315,0.30391116753934344,6.0,0.9955037268390589,NON_CORE,"RJF, FAN, OSIS, CLBK, SILJ"
0.2406469242893585,0.28168323012409646,0.00870121935375352,0.005446474614277768,0.27298201077034295,6.0,0.9955037268390589,NON_CORE,"SEI, FZILX, DXPE, UNM, CMCO"
0.2483924393901997,0.29944300951949754,0.008904918033153445,0.005164070594719548,0.2905380914863441,6.0,0.9955037268390589,NON_CORE,"HRL, EVR, HD, AMKR, EQNR"
0.2742193381127946,0.2525812298210436,0.008777627465842281,0.005340479056031711,0.2438036023552013,6.0,0.9955037268390589,NON_CORE,"FUL, TPR, MAA, COLM, ADP"
0.2699833207082657,0.26024639549983974,0.007627843084651035,0.0055200947191717566,0.2526185524151887,6.0,0.9955037268390589,NON_CORE,"TD, NXE, MEOH, NVST, TRUP"
0.20820862244039892,0.1976943925960661,0.00809524393324171,0.005263415867877283,0.1895991486628244,6.0,0.9955037268390589,NON_CORE,"ACH, TLT, TRMK, DOMO, CPB"
0.29781997171730146,0.28607434112579566,0.007830546036669238,0.005789598273521326,0.27824379508912644,6.0,0.9955037268390589,NON_CORE,"BXMT, AN, SCCO, BLDR, JKHY"
0.23641508721893978,0.19965555692356013,0.008366195266334156,0.00546591200312853,0.191289361657226,6.0,0.9955037268390589,NON_CORE,"ORCL, KFY, XOM, CORN, MNSB"
0.2758364725402565,0.2789122914135921,0.009078235580267754,0.005773771144596205,0.2698340558333243,6.0,0.9955037268390589,NON_CORE,"SAP, AGM, SCHW, MRNA, HLIO"
0.27804308724853377,0.27905290585837134,0.009902312921287282,0.0064288371273218785,0.26915059293708404,6.0,0.9955037268390589,NON_CORE,"HUBG, RY, ENOV, SCHD, CPB"
0.2982058398554617,0.29818199346957625,0.00783572143036564,0.0049643214946795645,0.2903462720392106,6.0,0.9955037268390589,NON_CORE,"GSHD, APA, EFA, SYY, GDOT"
0.33187849826944804,0.32165912972106664,0.007682619328544954,0.006053489327998221,0.31397651039252167,6.0,0.9955037268390589,NON_CORE,"PWR, KRE, BLDP, NDSN, FRT"
0.33190406640332193,0.35070701972534907,0.008719361682586461,0.0050446200971976845,0.3419876580427626,6.0,0.9955037268390589,NON_CORE,"PFG, YPF, KELYA, E, HST"
0.2590301816791963,0.26661588465203834,0.007169921205654981,0.005050444289577829,0.2594459634463834,6.0,0.9955037268390589,NON_CORE,"KRYS, AKAM, RRC, EZPW, EGHT"
0.2691370568724131,0.20101855898729878,0.007782721688798733,0.0055474298130648355,0.19323583729850005,6.0,0.9955037268390589,NON_CORE,"BBSI, LOW, LAMR, HL, LRN"
0.2999916511334194,0.2853687546573964,0.00916139898180936,0.004267249821127082,0.2762073556755871,6.0,0.9955037268390589,NON_CORE,"DLTH, VRTS, NKE, JKS, XME"
0.32136332665553347,0.31387398610764017,0.008413438320954229,0.0050085439667195185,0.30546054778668597,6.0,0.9955037268390589,NON_CORE,"TRPSX, SHLS, MPC, TM, CRL"
0.2724202162754982,0.2760240207303825,0.008993493094591149,0.004625473963925762,0.2670305276357914,6.0,0.9955037268390589,NON_CORE,"AGYS, COP, CIBR, NBR, HY"
0.232778859405856,0.2634421403297364,0.008687741572464446,0.005681739324353595,0.25475439875727196,6.0,0.9955037268390589,NON_CORE,"HCSG, EGHT, APA, JKS, LAMR"
0.2950090149469405,0.3637447328628838,0.007968996259863659,0.004425375383463042,0.35577573660302014,6.0,0.9955037268390589,NON_CORE,"ZION, TLT, RRC, XLRE, BEPC"
0.2570974957775347,0.2113694822340547,0.008022976420922751,0.005775259334568447,0.20334650581313193,6.0,0.9955037268390589,NON_CORE,"CBRE, CLSK, STZ, WGO, MUR"
0.2411309854125309,0.25248565627013814,0.008360578393962077,0.005928703196692403,0.24412507787617607,6.0,0.9955037268390589,NON_CORE,"CVE, ETN, UNM, KARO, OXY"
0.31349208117335964,0.31729808484122446,0.008204625579651771,0.00532054869941111,0.30909345926157267,6.0,0.9955037268390589,NON_CORE,"NNI, VTABX, PNC, MS, MTB"
0.25367042463396877,0.29846350528265103,0.008562572931314323,0.005330051925168456,0.2899009323513367,6.0,0.9955037268390589,NON_CORE,"CWT, ASML, RSP, CPB, KR"
0.24673925240090283,0.26405286944416156,0.00845358104667762,0.005180237824277541,0.25559928839748397,6.0,0.9955037268390589,NON_CORE,"ETR, EPAC, BND, IJS, NEU"
0.2747317222293506,0.3056557820366821,0.008956189315320903,0.005505038505790961,0.2966995927213612,6.0,0.9955037268390589,NON_CORE,"VGIT, ENSG, APPS, EQR, MLKN"
0.2294198774005737,0.2484074126651912,0.007999069571264877,0.006210837800329002,0.24040834309392634,6.0,0.9955037268390589,NON_CORE,"INGR, DVA, CNOB, OXY, CYRX"
0.25104302174547183,0.3410953545341451,0.007956564812877948,0.005240582947003034,0.33313878972126715,6.0,0.9955037268390589,NON_CORE,"KDDIY, RTX, ZBH, CNNE, NRP"
0.26602872614622247,0.24822943741316586,0.007725574426108558,0.005394674477256314,0.2405038629870573,6.0,0.9955037268390589,NON_CORE,"BURL, AGL, TRP, MAS, MGA"
0.23847304407168537,0.20786300440109506,0.007968616655406772,0.005795833647960937,0.1998943877456883,6.0,0.9955037268390589,NON_CORE,"MSM, WASH, POWL, HERO, CARG"
0.28175407191677626,0.2979518112509956,0.008814305633539245,0.005240909067612682,0.2891375056174564,6.0,0.9955037268390589,NON_CORE,"ATR, CWT, CENX, UAL, NGL"
0.2127177131210646,0.20322188410109063,0.008518071387937455,0.005089879222365477,0.19470381271315318,6.0,0.9955037268390589,NON_CORE,"XMTR, ATO, DOCS, SPSC, PK"
0.30302346155142534,0.2734155430547965,0.007378516213208192,0.005928303398786045,0.2660370268415883,6.0,0.9955037268390589,NON_CORE,"ITA, TPH, CLF, MANH, EPAC"
0.2099224353004639,0.257980421230701,0.008061703191114855,0.005181483474015383,0.24991871803958612,6.0,0.9955037268390589,NON_CORE,"ZETA, FLWS, TT, NX, PJT"
0.29499724758396534,0.29476857409198987,0.00843169788622648,0.0047700308369730765,0.28633687620576337,6.0,0.9955037268390589,NON_CORE,"GH, ACM, WSM, VST, GBX"
0.2592545465405054,0.21975915357886125,0.007957886844919012,0.0052848508857550585,0.21180126673394223,6.0,0.9955037268390589,NON_CORE,"VCEL, MCO, TARS, KURA, WGO"
0.2872759772659686,0.21714860039004827,0.008445845376729804,0.005075652826235005,0.20870275501331848,6.0,0.9955037268390589,NON_CORE,"WTW, GDOT, UHS, BG, COO"
0.29810412891824417,0.2772562575828085,0.00848591904726588,0.006118041375531146,0.2687703385355426,6.0,0.9955037268390589,NON_CORE,"GFL, NX, SCHD, FRT, FSLR"
0.2587333377668926,0.24915347260318882,0.007274416462340687,0.005900535092415694,0.24187905614084812,6.0,0.9955037268390589,NON_CORE,"OTIS, SNOW, LHX, PAYX, CRWD"
0.28346466678883137,0.24660543974192758,0.00840989561194153,0.004963408325844756,0.23819554412998606,6.0,0.9955037268390589,NON_CORE,"TRMB, DOCS, ARE, PLD, HSIC"
0.2865761076315557,0.28381982051075444,0.007975651059064013,0.005164991854326514,0.27584416945169044,6.0,0.9955037268390589,NON_CORE,"AU, MPC, PRLB, EL, AIG"
0.22924907401663552,0.22710098542669352,0.008144197993001076,0.004985711278261744,0.21895678743369246,6.0,0.9955037268390589,NON_CORE,"CCO, MDGL, PUMSY, PRVA, ZETA"
0.24802236153711643,0.20424784396651768,0.008237803765470359,0.006485435270267154,0.19601004020104731,6.0,0.9955037268390589,NON_CORE,"OXM, CRDO, OWL, YPF, USNA"
0.31358667873656754,0.23029549473141667,0.008168255255245806,0.004952209880639664,0.22212723947617086,6.0,0.9955037268390589,NON_CORE,"MANH, GPRK, LH, VITL, INDB"
0.23527690974016224,0.17075971971059253,0.0076372817786325205,0.005967029638507421,0.16312243793196002,6.0,0.9955037268390589,NON_CORE,"EZPW, NOK, REG, OKE, HWM"
0.29699353027223546,0.2606314546069021,0.007423494452864143,0.006079025272236122,0.25320796015403796,6.0,0.9955037268390589,NON_CORE,"LIND, SCHW, TFC, FMC, AZTA"
0.26188281831537846,0.24786001273081257,0.00882373051697146,0.004940024460334735,0.2390362822138411,6.0,0.9955037268390589,NON_CORE,"CAR, SHW, MITK, INVH, COIN"
0.2348806651824852,0.23016192632213722,0.00882310966545248,0.005141521515633576,0.22133881665668476,6.0,0.9955037268390589,NON_CORE,"VRSK, JLL, GSK, NAVI, MATW"
0.32022954517888197,0.346513475943664,0.008856579053192523,0.0047621017774734185,0.33765689689047146,6.0,0.9955037268390589,NON_CORE,"TTEC, AA, MCHP, HTHT, GABC"
0.2480581477179162,0.29757026163758993,0.007876332320224331,0.0056520186568383935,0.2896939293173656,6.0,0.9955037268390589,NON_CORE,"EQNR, UNM, HAS, ALB, AJG"
0.24254732617104582,0.22258332380367668,0.008214998879297332,0.005053030817032613,0.21436832492437935,6.0,0.9955037268390589,NON_CORE,"MTRN, NTNX, MTCH, BTU, MO"
0.37271620066730726,0.3995662604118702,0.009084057958514424,0.00473912616711633,0.3904822024533558,6.0,0.9955037268390589,NON_CORE,"PLD, CSTM, PGNY, BAC, AKR"
0.23901526128106035,0.1766908100018865,0.008782012261999143,0.004826333088986542,0.16790879773988734,6.0,0.9955037268390589,NON_CORE,"HPK, SFBS, TRPSX, FHB, GPRE"
0.2564843025596889,0.21741682479374896,0.008876750989246509,0.005060630177661973,0.20854007380450246,6.0,0.9955037268390589,NON_CORE,"MSCI, CVS, PRMSX, FTNT, CLBK"
0.3252210131356121,0.36566096026803757,0.008058414548406357,0.0056804860353445365,0.35760254571963124,6.0,0.9955037268390589,NON_CORE,"BYD, HST, AMG, NERD, FMC"
0.3039826057129888,0.3185430711886017,0.00861042525563778,0.0050497035312068676,0.30993264593296393,6.0,0.9955037268390589,NON_CORE,"CLOU, GPK, BCC, KFY, ACH"
0.2826197798109814,0.3448957901509908,0.008669565949524047,0.005033403028561881,0.33622622420146675,6.0,0.9955037268390589,NON_CORE,"ADP, VBTLX, HST, GFI, WWD"
0.26681799069015044,0.2779518024476295,0.008431907909636153,0.0059614484667459625,0.26951989453799335,6.0,0.9955037268390589,NON_CORE,"LOGI, FHB, LDOS, YUM, LTC"
0.23938979168488791,0.19708325973716587,0.007533274809668114,0.00527711038528503,0.18954998492749775,6.0,0.9955037268390589,NON_CORE,"COPX, MNSB, NVDA, AG, EXK"
0.3028763606454654,0.2978389677636042,0.008543865430357726,0.005950005991638697,0.28929510233324646,6.0,0.9955037268390589,NON_CORE,"TRP, AMKR, VLUE, HAS, CHT"
0.22821431797356898,0.2149688516656159,0.008518131108341152,0.005755246658713592,0.20645072055727476,6.0,0.9955037268390589,NON_CORE,"EZPW, OSPN, NBR, SRE, LUNA"
0.23232161390179437,0.2365105767425184,0.008578029052821177,0.0055329553925727555,0.22793254768969723,6.0,0.9955037268390589,NON_CORE,"CX, LOMA, SJM, CVE, CHKP"
0.25440064094471815,0.2506996379010888,0.008787638280480818,0.005725308446951411,0.24191199962060797,6.0,0.9955037268390589,NON_CORE,"BIP, RDN, CLOU, LXU, CWST"
0.2082126888370503,0.1783024420638804,0.007389291531348785,0.005033249987931348,0.17091315053253162,6.0,0.9955037268390589,NON_CORE,"PFF, BMO, BYRN, AFL, GSM"
0.27304597846872264,0.26871143713234175,0.008355088060764116,0.005346584547150173,0.2603563490715776,6.0,0.9955037268390589,NON_CORE,"XMTR, SON, SXT, PCAR, AAPL"
0.25912132410967514,0.2866642838936557,0.007801001467156927,0.004434078010090934,0.27886328242649877,6.0,0.9955037268390589,NON_CORE,"SDGR, EFSC, BYRN, AWAY, HD"
0.29147646696689417,0.25070162135930213,0.008391167509861183,0.005715274844200673,0.24231045384944094,6.0,0.9955037268390589,NON_CORE,"RDN, BLDR, PAX, QLYS, IIPR"
0.3012298026701574,0.2524301670573799,0.008607715524612536,0.005322944795788244,0.24382245153276738,6.0,0.9955037268390589,NON_CORE,"SLP, MGA, TFX, MLAB, DGII"
0.3204654420020587,0.3161069457095347,0.007833993783978976,0.004914679332481646,0.3082729519255557,6.0,0.9955037268390589,NON_CORE,"FCX, GOOS, LGIH, AGG, INDB"
0.24044684775793218,0.23162429216006727,0.0085848078624862,0.005800473195947424,0.22303948429758108,6.0,0.9955037268390589,NON_CORE,"KNSA, VET, PEP, SWBI, XLRE"
0.24848542443924462,0.23473703506310514,0.007364486451277332,0.005204590479793185,0.22737254861182782,6.0,0.9955037268390589,NON_CORE,"PLD, INCY, VMI, CHT, BR"
0.30229025958924843,0.3139707237504279,0.008165866204894328,0.005004874887841986,0.30580485754553355,6.0,0.9955037268390589,NON_CORE,"PAVE, WOOD, PAAS, GOLD, GSM"
0.25202515903335426,0.2456705242864113,0.008161494531856987,0.00489671024324675,0.23750902975455432,6.0,0.9955037268390589,NON_CORE,"WU, BCPC, PH, MOH, KRYS"
0.2820283571913381,0.27628968141724003,0.008830039869772098,0.006162153556135638,0.26745964154746793,6.0,0.9955037268390589,NON_CORE,"KBR, KT, DCO, RRX, WDFC"
0.26419879247708866,0.2572890022664716,0.0090802512603169,0.00584884273780181,0.24820875100615472,6.0,0.9955037268390589,NON_CORE,"TOL, OSK, NVDA, CTVA, ITW"
0.2797316542445196,0.2712552092458958,0.007733006877786529,0.005442518856190312,0.26352220236810925,6.0,0.9955037268390589,NON_CORE,"XNCR, SNDR, RF, EFSC, ACM"
0.2759683627232362,0.248164778073564,0.007595519000207749,0.00480487566779348,0.24056925907335625,6.0,0.9955037268390589,NON_CORE,"SLB, ROOT, NTRS, NCMI, CACI"
0.29905372083413745,0.28090673528554827,0.009334756958620592,0.005166492352847127,0.2715719783269277,6.0,0.9955037268390589,NON_CORE,"NVCR, ES, FR, BMO, MS"
0.2803415288943004,0.26405467598608184,0.007440735248896673,0.0055786081264931125,0.2566139407371852,6.0,0.9955037268390589,NON_CORE,"KRYS, DCO, PUMP, GNRC, OSIS"
0.2549058338300066,0.22521583148613003,0.008294548572576936,0.004740993852909944,0.2169212829135531,6.0,0.9955037268390589,NON_CORE,"HWM, NBIX, HY, CMP, NCLH"
0.28471378766674116,0.31195020775477905,0.009234051906072807,0.006433238720785758,0.30271615584870626,6.0,0.9955037268390589,NON_CORE,"YELP, WYNN, JPM, OGE, OXM"
0.25531317451764296,0.2798866317195597,0.010060638423763939,0.005858833788233138,0.26982599329579576,6.0,0.9955037268390589,NON_CORE,"TDUP, CLH, AVTR, TEO, ARKF"
0.28635485561228863,0.2669280914973393,0.007489167891345702,0.004962460042220319,0.25943892360599363,6.0,0.9955037268390589,NON_CORE,"KDDIY, JBHT, CRDO, PLTR, APPS"
0.26582273074572743,0.30050187068667417,0.008515276154595639,0.0053324620656027095,0.29198659453207854,6.0,0.9955037268390589,NON_CORE,"BX, AVAV, HNI, KYMR, JETS"
0.2992522135876597,0.2868860015911003,0.00862780699426529,0.004288339872028118,0.278258194596835,6.0,0.9955037268390589,NON_CORE,"DAR, DOCS, NGL, PARR, TPL"
0.35565594977841797,0.35271643400957947,0.00856539528974082,0.006209508156601182,0.34415103871983865,6.0,0.9955037268390589,NON_CORE,"ODFL, VGT, SITM, FZILX, LAMR"
0.2833716114893462,0.2871593214556624,0.00849063805440748,0.005020238779670362,0.27866868340125495,6.0,0.9955037268390589,NON_CORE,"GDXJ, BESIY, EQR, BUG, CBRE"
0.2750106195637958,0.23317195129270502,0.00801135379752142,0.005230328047851993,0.2251605974951836,6.0,0.9955037268390589,NON_CORE,"ESNT, O, TNDM, NUE, LPLA"
0.30935932825846596,0.3364457220075275,0.007894599734444294,0.005410950370882149,0.3285511222730832,6.0,0.9955037268390589,NON_CORE,"KALV, SU, QCOM, HRTG, FR"
0.2885028636093068,0.26987087192347814,0.007188216297229138,0.004521860437010284,0.262682655626249,6.0,0.9955037268390589,NON_CORE,"ROBO, NEWT, UBER, BND, EVTC"
0.3095785503201456,0.2784173204428282,0.007873845717370778,0.005961442607267267,0.2705434747254574,6.0,0.9955037268390589,NON_CORE,"FORM, MLKN, FFIV, HCC, ZG"
0.27207001463842306,0.23572142648472336,0.008553793097246066,0.0059846770725812065,0.22716763338747728,6.0,0.9955037268390589,NON_CORE,"SLB, BGS, LOMA, RAMP, WASH"
0.26266929205525785,0.2208671647115352,0.00807150457035801,0.005277475214174397,0.21279566014117718,6.0,0.9955037268390589,NON_CORE,"URA, QCLN, PRVA, TDUP, CLFD"
0.2764496458933953,0.2846910005326021,0.008348410048669739,0.004521214064620584,0.27634259048393234,6.0,0.9955037268390589,NON_CORE,"AVAL, IRM, MPWR, OLED, RAMP"
0.27491628049081734,0.34222417515367365,0.0073958493365828114,0.00512904328474244,0.3348283258170908,6.0,0.9955037268390589,NON_CORE,"GOOS, OLED, SMH, PAYO, SM"
0.27910790321226425,0.21542619128408227,0.008499541760705607,0.006235854998837207,0.20692664952337667,6.0,0.9955037268390589,NON_CORE,"ENPH, PRDSY, WINA, KDP, WGO"
0.23958922683154996,0.24722383398051476,0.00832732413006468,0.006862824185280593,0.23889650985045008,6.0,0.9955037268390589,NON_CORE,"JPM, NRG, SITM, APP, VEA"
0.16756905465442404,0.18306153018430404,0.007593092815236173,0.0063172511242740965,0.17546843736906786,6.0,0.9955037268390589,NON_CORE,"XME, ICHR, ENTG, VGSH, MARPS"
0.3145377968563824,0.3307476602968729,0.008489394500507256,0.004792117725367489,0.3222582657963657,6.0,0.9955037268390589,NON_CORE,"SSNC, VEEV, MOS, TEX, EPAM"
0.221176300191418,0.2401206650532523,0.009939513826132751,0.005534526707423619,0.23018115122711955,6.0,0.9955037268390589,NON_CORE,"HL, SNPS, FCFS, SJM, ZION"
0.23472792916001878,0.2293911008366226,0.009005831182613869,0.006539675507422217,0.22038526965400873,6.0,0.9955037268390589,NON_CORE,"CSL, BSX, COO, WERN, BCO"
0.30078242114328263,0.27247103057432587,0.008035348711373841,0.005871589820840377,0.264435681862952,6.0,0.9955037268390589,NON_CORE,"LECO, IRT, TTWO, LEG, CRL"
0.2511488939201474,0.19055282336854626,0.0071451138107082824,0.006194813030366556,0.18340770955783797,6.0,0.9955037268390589,NON_CORE,"DBI, PSA, APA, MNSB, KAI"
0.30959942808403457,0.2854723963055464,0.007589583720068453,0.006058141376396163,0.2778828125854779,6.0,0.9955037268390589,NON_CORE,"TXN, DKNG, XLP, DRI, CVS"
0.298507249064377,0.300398043309802,0.008233726647286227,0.005884581785326906,0.2921643166625158,6.0,0.9955037268390589,NON_CORE,"AMBA, TT, LTC, MTN, ILMN"
0.26743900448711516,0.2524436864503982,0.008222889831469116,0.00559849330494346,0.2442207966189291,6.0,0.9955037268390589,NON_CORE,"SLG, ARES, HTLD, INCY, GOGO"
0.27775511935492964,0.27308033562213957,0.007971406828754102,0.005793105390473121,0.2651089287933855,6.0,0.9955037268390589,NON_CORE,"MAS, AMC, GEL, UPS, REMX"
0.2813169424414252,0.3121975900886717,0.007288925947694733,0.005716216660505438,0.30490866414097695,6.0,0.9955037268390589,NON_CORE,"SYF, ARW, ZTS, SHEN, NCMI"
0.29458129204187194,0.30929583663780325,0.00861130937515299,0.007310679392291767,0.30068452726265027,6.0,0.9955037268390589,NON_CORE,"GTE, E, IJS, VCIT, DASH"
0.2871368108433619,0.32609396686295766,0.008652203151519737,0.004104255467697932,0.31744176371143795,6.0,0.9955037268390589,NON_CORE,"JELD, FNV, IWM, NBR, XLI"
0.2577789808503607,0.243114457383988,0.008826054046875127,0.005880672552455378,0.23428840333711287,6.0,0.9955037268390589,NON_CORE,"FOXF, TECK, MATW, SRVR, AMBA"
0.2667596113726185,0.27182437385158725,0.0078004958223313655,0.005919894263731927,0.26402387802925587,6.0,0.9955037268390589,NON_CORE,"KRYS, UNIT, SSNC, SHEN, PZZA"
0.2657792934389841,0.2228384744363278,0.008180908672261027,0.004964897133589169,0.21465756576406675,6.0,0.9955037268390589,NON_CORE,"RTX, CPT, CHRS, BRSP, GRWG"
0.2621561824625442,0.30041804620438267,0.009509176567625248,0.005248876956004758,0.29090886963675744,6.0,0.9955037268390589,NON_CORE,"VTABX, XBI, EMN, NOC, CMC"
0.2740056616488137,0.2744819972959313,0.008720118669663131,0.005540496302932382,0.26576187862626816,6.0,0.9955037268390589,NON_CORE,"JKHY, BEN, NIO, BXMT, MPC"
0.2153269664657334,0.2448601864020723,0.008736880353906797,0.005544173932492184,0.2361233060481655,6.0,0.9955037268390589,NON_CORE,"MRNA, KT, RPT, HPK, LKQ"
0.22642946975311104,0.2223067245989923,0.008548651074677815,0.005613495671431067,0.2137580735243145,6.0,0.9955037268390589,NON_CORE,"TT, BXMT, RWX, NSC, WGO"
0.23085127986252774,0.20494892369902645,0.00810179084237803,0.005916695841449924,0.19684713285664843,6.0,0.9955037268390589,NON_CORE,"SMR, EPAC, DQ, HUBG, VST"
0.2685900118119319,0.2525000783374278,0.008744876960024218,0.006193133458267987,0.2437552013774036,6.0,0.9955037268390589,NON_CORE,"UGP, CSX, SBGI, BTI, COP"
0.22910401328016328,0.2660083223683003,0.007309469457275481,0.006161848538904633,0.2586988529110248,6.0,0.9955037268390589,NON_CORE,"WOOD, VGIT, ACGL, AVGO, CENX"
0.18784679574091973,0.18218331984029074,0.010043165593275838,0.005257156523001292,0.1721401542470149,6.0,0.9955037268390589,NON_CORE,"GOOGL, AEIS, TIP, CWT, ATRC"
0.29370509036751713,0.25677246408191085,0.008074218264191966,0.006243769832250876,0.24869824581771888,6.0,0.9955037268390589,NON_CORE,"RGEN, EMR, VGSLX, PJT, RWX"
0.2224182524670616,0.2928367302417383,0.009418236260128412,0.005433698419612964,0.2834184939816099,6.0,0.9955037268390589,NON_CORE,"RDNT, KLIC, LOGI, HOMZ, MATX"
0.30584757855315725,0.26777947875613084,0.007272101993230412,0.005123479486562963,0.2605073767629004,6.0,0.9955037268390589,NON_CORE,"KLIC, UFPI, HSIC, INSP, CARS"
0.27657779199428034,0.27449724244145873,0.00855192432210726,0.005886884101843914,0.26594531811935146,6.0,0.9955037268390589,NON_CORE,"MDGL, GSHD, EQR, USLM, REZ"
0.27985329006607823,0.23344662819073728,0.009553413736917793,0.006192233394826574,0.2238932144538195,6.0,0.9955037268390589,NON_CORE,"GILD, SRE, WSM, IBM, LMAT"
0.3007919018171062,0.3210193202566945,0.008407493758118906,0.004936971384056539,0.3126118264985756,6.0,0.9955037268390589,NON_CORE,"CRS, ALG, ARLP, SPLV, WTW"
0.250226388541469,0.30709229063023175,0.009031158683147718,0.005339375073441018,0.298061131947084,6.0,0.9955037268390589,NON_CORE,"OPCH, STNG, HLX, ASX, CX"
0.31229549446246435,0.24239042419668932,0.00877488184712951,0.0054629552267010575,0.2336155423495598,6.0,0.9955037268390589,NON_CORE,"HPE, INTC, ING, HROW, IFNNY"
0.22832492191737536,0.20023319848727122,0.008788147562535228,0.005110504360924102,0.191445050924736,6.0,0.9955037268390589,NON_CORE,"UEC, PEJ, PATK, KELYA, VST"
0.22507192692410388,0.2851564654556919,0.008556184793497602,0.005226308067269618,0.2766002806621943,6.0,0.9955037268390589,NON_CORE,"CORN, AGL, WOOD, PRNHX, MT"
0.31451660442373086,0.3408027263230525,0.007113290194720903,0.004350537386100887,0.3336894361283316,6.0,0.9955037268390589,NON_CORE,"OTIS, VGSH, BLDR, RWX, KBR"
0.296756067232452,0.25930885214017074,0.009076547061358941,0.004884541307265542,0.2502323050788118,6.0,0.9955037268390589,NON_CORE,"EGHT, DAR, TDY, SIL, LLY"
0.24657597478128568,0.249241318676236,0.00899933929266136,0.004337167166146224,0.24024197938357464,6.0,0.9955037268390589,NON_CORE,"SHBI, ESNT, TKR, KEYS, TBT"
0.24175424824879202,0.2443459154202816,0.00952925751960948,0.0060023959476084065,0.23481665790067213,6.0,0.9955037268390589,NON_CORE,"NOG, EDV, PUMP, SCHW, NXPI"
0.318856335708851,0.3369558588732867,0.009587084686696848,0.005651383942076122,0.3273687741865899,6.0,0.9955037268390589,NON_CORE,"ZETA, RIVN, MCO, BCO, REG"
0.22683252097679768,0.24232534342132495,0.007199189263493366,0.005007994689453119,0.23512615415783159,6.0,0.9955037268390589,NON_CORE,"SAP, CVE, DY, SHW, YELP"
0.26790332460369737,0.2580077164448587,0.008774486476894876,0.005213856297346395,0.24923322996796382,6.0,0.9955037268390589,NON_CORE,"PRDSY, UMBF, VEA, GDOT, ABG"
0.28852420519478195,0.22390013769762684,0.00899250128265351,0.005397428192885191,0.21490763641497335,6.0,0.9955037268390589,NON_CORE,"HMC, YPF, CORN, EWZ, RWR"
0.2996097757694307,0.291156903223669,0.006833644977823341,0.004937039000375775,0.28432325824584564,6.0,0.9955037268390589,NON_CORE,"OUT, PTLO, CALM, MTB, MPWR"
0.25785242748037973,0.25934283639337474,0.0086660330480392,0.00424248228613241,0.25067680334533554,6.0,0.9955037268390589,NON_CORE,"ENPH, OPCH, TKR, MAA, AWK"
0.271404247089173,0.2730661743305696,0.00856350773279104,0.005520949937207105,0.2645026665977786,6.0,0.9955037268390589,NON_CORE,"RRX, PSEC, INSW, VNQI, DVN"
0.23081722701608143,0.23929259706069503,0.009921724592506216,0.005864487601625189,0.22937087246818882,6.0,0.9955037268390589,NON_CORE,"GWRE, VO, AJG, ERIC, MRNA"
0.3073174033088385,0.2939114185405957,0.007932980546415676,0.005378468555337419,0.28597843799418005,6.0,0.9955037268390589,NON_CORE,"PRPL, DAVA, AGM, CZR, ALLY"
0.2863457799982886,0.32585835697840704,0.00830266596678741,0.005120091661193597,0.3175556910116196,6.0,0.9955037268390589,NON_CORE,"DASH, GLPI, MTCH, BOTZ, AEP"
0.2788763189360108,0.25466739387041587,0.008452619017166865,0.006031880079478014,0.246214774853249,6.0,0.9955037268390589,NON_CORE,"MPC, PEP, IEFA, ABBV, NTLA"
0.2661340228215453,0.2508585461948621,0.007359185687732367,0.004425221077943333,0.24349936050712973,6.0,0.9955037268390589,NON_CORE,"PLAB, HCA, ESPO, IYR, BLMN"
0.27073906768954725,0.28684979277269035,0.009696368752660271,0.005180456856236235,0.27715342402003007,6.0,0.9955037268390589,NON_CORE,"INVH, TCBI, POWL, GPRK, LPG"
0.34717045687758014,0.39832179070464757,0.00843430679036623,0.00516515286810375,0.38988748391428135,6.0,0.9955037268390589,NON_CORE,"SCHD, CUBE, CLX, ATKR, BR"
0.27707093211705447,0.2970055733271865,0.007642798316298366,0.004569149342491914,0.28936277501088814,6.0,0.9955037268390589,NON_CORE,"DXCM, MD, XNCR, XLB, TWI"
0.3314036960295869,0.2694860758606336,0.008422503095321525,0.006272988022669403,0.2610635727653121,6.0,0.9955037268390589,NON_CORE,"NPO, FR, EXAS, ETN, UMBF"
0.28343338878241464,0.33686501602829694,0.008603638439261341,0.004804254225194632,0.3282613775890356,6.0,0.9955037268390589,NON_CORE,"ODFL, TECH, TCBI, PAA, RSP"
0.26539576503183177,0.2787879988398519,0.009827411733210605,0.004668031664574186,0.2689605871066413,6.0,0.9955037268390589,NON_CORE,"VMC, FIVN, JETS, BFAM, BITO"
0.2932542139987931,0.2129584663037144,0.008141988236589588,0.00533158347696798,0.2048164780671248,6.0,0.9955037268390589,NON_CORE,"FUL, VGSLX, OSPN, HROW, JJSF"
0.22846116630493418,0.2034981373399165,0.008482628785549477,0.005617993593955645,0.19501550855436703,6.0,0.9955037268390589,NON_CORE,"TRP, APPF, XLE, SEDG, MSCI"
0.274396121009762,0.3271568746687422,0.008116166715347324,0.005778584434441417,0.3190407079533949,6.0,0.9955037268390589,NON_CORE,"ADI, TMF, PRMSX, SWKS, NVAX"
0.25241884248269664,0.24029667379925138,0.009507385495124287,0.005939557525194315,0.2307892883041271,6.0,0.9955037268390589,NON_CORE,"DBX, LHX, CNQ, NERD, RPM"
0.28326283278223774,0.2582590765274747,0.00832805788120726,0.005224704827648787,0.24993101864626743,6.0,0.9955037268390589,NON_CORE,"NTR, UBS, MTN, DLTR, XPEL"
0.30677449305638776,0.29760859665489975,0.007224791108214032,0.005883825540650982,0.2903838055466857,6.0,0.9955037268390589,NON_CORE,"HTHT, VCIT, MBB, GPRO, VECO"
0.3269936349801573,0.30392887979127725,0.006737628964809231,0.006040378307693615,0.297191250826468,6.0,0.9955037268390589,NON_CORE,"BMO, SONY, SBGI, TDY, CLB"
0.2169121259399282,0.23737026202884304,0.007387438882324354,0.005115285442374137,0.2299828231465187,6.0,0.9955037268390589,NON_CORE,"OMER, MCFT, DBC, NOW, ESPO"
0.3124303070632621,0.2778196686279034,0.009260755238969371,0.0060076851298324066,0.26855891338893406,6.0,0.9955037268390589,NON_CORE,"VREX, PCTY, CALM, GOGO, MAS"
0.2966253240071319,0.26818507379727774,0.007412605000124729,0.005511576409393162,0.260772468797153,6.0,0.9955037268390589,NON_CORE,"ROBO, WYNN, HERO, BRSP, UUUU"
0.30791382823880276,0.28532811323668283,0.008641040714370756,0.005224897420528697,0.27668707252231206,6.0,0.9955037268390589,NON_CORE,"WSBC, COPX, NNI, ARES, SAN"
0.2575411829688402,0.28528376101701464,0.008623241415896581,0.0050664143226117325,0.27666051960111804,6.0,0.9955037268390589,NON_CORE,"ACM, ZUMZ, XNCR, CAPL, LQD"
0.3135536012018357,0.30456852018665886,0.007373086135406369,0.005486916482768917,0.2971954340512525,6.0,0.9955037268390589,NON_CORE,"IJR, GLP, LAMR, IEMG, V"
0.3106034122896694,0.27942622788625987,0.007686666533318825,0.005432229921716819,0.27173956135294103,6.0,0.9955037268390589,NON_CORE,"JKHY, SDGR, SRE, PEP, SPYV"
0.21033834234777882,0.2269558258038583,0.007795818138601683,0.00512614712240682,0.21916000766525662,6.0,0.9955037268390589,NON_CORE,"MA, NEOG, MMYT, SHEN, LIN"
0.25741833239260514,0.24761072909450466,0.008897235694478185,0.0048815718348788235,0.23871349340002648,6.0,0.9955037268390589,NON_CORE,"SLM, HY, CARG, AMG, CALM"
0.28011874527234243,0.2709513340326085,0.008333609959153106,0.005699058625718485,0.2626177240734554,6.0,0.9955037268390589,NON_CORE,"MIDD, PLAB, AA, SWKS, ATR"
0.23491421596017306,0.21195325073839125,0.008820949762257337,0.005595099517941892,0.2031323009761339,6.0,0.9955037268390589,NON_CORE,"PWR, DOV, SHEL, TEVA, WTW"
0.2434150881407267,0.28064827992265545,0.007871604689833788,0.003975931412559693,0.2727766752328217,6.0,0.9955037268390589,NON_CORE,"GFI, UHAL, EFX, DDOG, TCMD"
0.31035831399036423,0.2621220337224483,0.007668396988880853,0.005696557450340812,0.25445363673356747,6.0,0.9955037268390589,NON_CORE,"DAR, SHEL, COHU, THRM, RNST"
0.28172088826466585,0.3082401231614409,0.00793543414870361,0.005312852770943119,0.30030468901273727,6.0,0.9955037268390589,NON_CORE,"VALE, ESNT, ITA, SMG, BOTZ"
0.2169206197736281,0.259342728093707,0.007762357410301607,0.0067076002536848355,0.2515803706834054,6.0,0.9955037268390589,NON_CORE,"CPB, WRB, RWR, ASTE, SAIA"
0.25333643474415984,0.2677188709949736,0.007402410612185464,0.0060842420003918716,0.26031646038278816,6.0,0.9955037268390589,NON_CORE,"KEYS, BITO, RJF, EMN, ORLY"
0.2507422592635164,0.23398168115046533,0.009255756341828113,0.006321284423323905,0.2247259248086372,6.0,0.9955037268390589,NON_CORE,"VGSH, PLMR, MTD, PAVE, RNST"
0.2385070053310636,0.2062702174118645,0.009307708964489512,0.0052961154247548325,0.19696250844737498,6.0,0.9955037268390589,NON_CORE,"LRN, HNI, NEU, MBUU, ELV"
0.27727188313808926,0.26554682419931847,0.010562717097424876,0.00622851797379741,0.25498410710189356,6.0,0.9955037268390589,NON_CORE,"HWM, SU, SRE, D, INCY"
0.21460240382158058,0.2248931766117718,0.00800260637715887,0.005787865216280363,0.21689057023461292,6.0,0.9955037268390589,NON_CORE,"AVAL, GRMN, NEOG, VNQI, ANET"
0.23684858240654266,0.2728321287209951,0.009416363323152268,0.005908693256780694,0.26341576539784284,6.0,0.9955037268390589,NON_CORE,"AVTR, KGC, PARR, BALL, SHEL"
0.23873589124294392,0.23544301767174286,0.009458741211073585,0.005406561980929723,0.22598427646066926,6.0,0.9955037268390589,NON_CORE,"OGE, JBHT, MNSB, BMA, AKR"
0.24401230974972127,0.2579816310892477,0.006863958898778245,0.005013079259798462,0.2511176721904695,6.0,0.9955037268390589,NON_CORE,"OTTR, FXB, ETR, PLTR, TMO"
0.25510684310638476,0.26460926735186396,0.008118737860369898,0.0051411143023754186,0.2564905294914941,6.0,0.9955037268390589,NON_CORE,"SBSW, CLB, KLAC, BEPC, MLM"
0.28349906874852415,0.25568947624234817,0.008573208275008964,0.005870765847546187,0.2471162679673392,6.0,0.9955037268390589,NON_CORE,"UUUU, SWKS, TFC, VVX, GBX"
0.295774063195692,0.30817430310867133,0.008673390515723437,0.006080833549202841,0.2995009125929479,6.0,0.9955037268390589,NON_CORE,"MTW, EEM, DAR, WSM, LI"
0.3266346390824599,0.2915842685877587,0.00761405135464929,0.005535974696958426,0.28397021723310945,6.0,0.9955037268390589,NON_CORE,"QCOM, EPAM, ITW, MLAB, SNDR"
0.29129197690066716,0.29458456508329933,0.00888221353785699,0.005085169135854661,0.2857023515454423,6.0,0.9955037268390589,NON_CORE,"ING, XMTR, PRGS, DLTH, PLTR"
0.26856842388599883,0.24098309856240255,0.008065526649938932,0.005119895896468679,0.23291757191246362,6.0,0.9955037268390589,NON_CORE,"GOLD, TECH, ZETA, VREX, KMI"
0.2609622664480843,0.25752791467423164,0.009385339908302802,0.0053215414477543535,0.24814257476592883,6.0,0.9955037268390589,NON_CORE,"GPRE, NAT, CALX, FCX, WEX"
0.20499010344370752,0.22613564977447836,0.009205020251712485,0.005452530129216456,0.21693062952276587,6.0,0.9955037268390589,NON_CORE,"O, OPK, NTRS, GDXJ, ORLY"
0.2460837249318705,0.2677526163104044,0.00952613804011096,0.005890165264946171,0.25822647827029344,6.0,0.9955037268390589,NON_CORE,"GRBK, VTR, DRVN, FANG, ZG"
0.26130779468834,0.18690235887806128,0.008117645848195089,0.005453536406490483,0.1787847130298662,6.0,0.9955037268390589,NON_CORE,"GRBK, OSIS, PAYX, KEYS, KAI"
0.3255136609273666,0.2837495716318803,0.008334605276552453,0.005321102077168001,0.27541496635532786,6.0,0.9955037268390589,NON_CORE,"FRT, MBB, PRNHX, JKS, DX"
0.2783262997988235,0.21548576044584197,0.00947179265106692,0.005386358324737728,0.20601396779477504,6.0,0.9955037268390589,NON_CORE,"PCTY, MLAB, HDB, GDOT, WASH"
0.3479375118344646,0.3162609900274744,0.008177745996181788,0.005753151953452451,0.3080832440312926,6.0,0.9955037268390589,NON_CORE,"PFG, LII, JKS, EVR, GPK"
0.3102911373634654,0.2574582543776604,0.007847914451059519,0.004774607647250225,0.2496103399266009,6.0,0.9955037268390589,NON_CORE,"SRE, BXC, ASGN, AON, DJCO"
0.2917711537493673,0.2659260053558939,0.009255163632119985,0.00583674953696765,0.2566708417237739,6.0,0.9955037268390589,NON_CORE,"SHEL, XPEV, NX, GSHD, USLM"
0.3278368004975437,0.31445743381391156,0.00799985189033554,0.006115684014177076,0.30645758192357603,6.0,0.9955037268390589,NON_CORE,"CNQ, ARCB, NOW, VCEL, CIGI"
0.24337838529083536,0.24999091300715306,0.00902010085203992,0.005880901410617949,0.24097081215511315,6.0,0.9955037268390589,NON_CORE,"LOW, HROW, HLIO, CINF, FITB"
0.25415756909959025,0.22426350683979995,0.008910473336275426,0.005698918362960472,0.21535303350352453,6.0,0.9955037268390589,NON_CORE,"TOL, RF, AKR, LNTH, RDNT"
0.3230975238551702,0.3601908265305299,0.009046121513445648,0.00551978788121978,0.3511447050170843,6.0,0.9955037268390589,NON_CORE,"MPC, RRX, BXMT, VCIT, RPM"
0.286724692329358,0.24874960150870748,0.007660895958541739,0.0052406109298737905,0.24108870555016573,6.0,0.9955037268390589,NON_CORE,"GL, JKHY, BHE, PRVA, RIVN"
0.2827818756350338,0.25461030192669604,0.008824739396450506,0.005565778190351455,0.24578556253024553,6.0,0.9955037268390589,NON_CORE,"ADI, IEMG, LECO, HL, TMO"
0.2752069215218704,0.25690492203890697,0.007134848064873803,0.005444678647325757,0.24977007397403317,6.0,0.9955037268390589,NON_CORE,"BCC, STNE, GFI, CANE, PTLO"
0.26538688682484646,0.2577621141425767,0.00785299830206771,0.005309829124059408,0.249909115840509,6.0,0.9955037268390589,NON_CORE,"POST, STRL, GLOB, DT, AMN"
0.3179991916642118,0.31313371913080507,0.007858422903886237,0.0055547052667031345,0.30527529622691885,6.0,0.9955037268390589,NON_CORE,"MCO, KRYS, OMCL, ADDYY, WTTR"
0.267747782122537,0.3164846070490692,0.007881645627345925,0.004754607472424155,0.3086029614217233,6.0,0.9955037268390589,NON_CORE,"NBR, KNSL, VRSK, CHT, CSTM"
0.37183177697126607,0.33194572891775737,0.00856223980300262,0.005540970509989364,0.32338348911475473,6.0,0.9955037268390589,NON_CORE,"STOK, EXPE, BOTZ, UMBF, SE"
0.28495120931635404,0.3096684359214745,0.00906793558209487,0.0051752715280529065,0.3006005003393797,6.0,0.9955037268390589,NON_CORE,"SABR, EXLS, VGSH, ZG, TGT"
0.27939087219688674,0.2726974604086397,0.009312472964847489,0.004924333091623714,0.2633849874437922,6.0,0.9955037268390589,NON_CORE,"GTE, PAX, WES, TRNO, LSTR"
0.28593470809472205,0.2721896224755709,0.007583893220877698,0.006180491542839356,0.26460572925469317,6.0,0.9955037268390589,NON_CORE,"WY, FAN, CTRE, CUBE, LW"
0.2348474060429457,0.27608381434760737,0.009379236183648283,0.006013170956229727,0.2667045781639591,6.0,0.9955037268390589,NON_CORE,"PPG, HUBS, LGIH, AX, NAT"
0.2570900377270607,0.258590815770813,0.007727285219816307,0.00532672063062278,0.2508635305509967,6.0,0.9955037268390589,NON_CORE,"VICI, GEN, APPS, PAY, GRBK"
0.24567898673432167,0.27885470608297125,0.008253000217079651,0.004648160209763692,0.2706017058658916,6.0,0.9955037268390589,NON_CORE,"SUPN, EPAC, TIP, NVAX, GRID"
0.2844688638099882,0.24215381214038637,0.007580382269307037,0.0051056004365099645,0.23457342987107932,6.0,0.9955037268390589,NON_CORE,"DGII, CHWY, TNDM, CWT, TEX"
0.23435497844902403,0.2644824068731168,0.008238800673478007,0.0052621794571829465,0.2562436061996388,6.0,0.9955037268390589,NON_CORE,"CHRW, AGM, AIG, AMZN, TBT"
0.21776009166585183,0.24698828923017518,0.008270662083270522,0.0054731867368488325,0.23871762714690467,6.0,0.9955037268390589,NON_CORE,"PAGP, TARS, LZ, TTE, PWR"
0.21009823185489374,0.17337889474561438,0.007887992199001855,0.005003668382112109,0.16549090254661253,6.0,0.9955037268390589,NON_CORE,"UNH, FXC, ASAN, STOK, MNKD"
0.3210919795727928,0.2590377303398319,0.008205738792605857,0.005738414316776564,0.2508319915472261,6.0,0.9955037268390589,NON_CORE,"AFL, NFG, VEEV, NNI, DLB"
0.21917195596914713,0.20395668061869632,0.007989593028451186,0.005052935608652175,0.19596708759024514,6.0,0.9955037268390589,NON_CORE,"TECK, IDT, GPRO, FICO, SEB"
0.24098444445945277,0.2807373600432305,0.008165868823948845,0.0059415933399819395,0.2725714912192817,6.0,0.9955037268390589,NON_CORE,"VRSK, ICLN, LTC, FNV, NXPI"
0.27549678762892643,0.2741589584734321,0.008483918157460626,0.005412976203368826,0.26567504031597144,6.0,0.9955037268390589,NON_CORE,"LOMA, VEA, DOW, FZILX, XLV"
0.28709208592576013,0.24860658901726507,0.00828870158909648,0.005296480388401036,0.2403178874281686,6.0,0.9955037268390589,NON_CORE,"PZZA, FOXA, BCC, CYRX, CARS"
0.3117173933743036,0.33234175062683646,0.00794397354152097,0.005085928264996478,0.3243977770853155,6.0,0.9955037268390589,NON_CORE,"HLIO, EWU, HUBS, MAA, NCLH"
0.2995836603827054,0.22779683024356215,0.007526881512523179,0.004901700627877503,0.22026994873103897,6.0,0.9955037268390589,NON_CORE,"CWST, SWBI, ATRC, BMO, VLUE"
0.25066331557945326,0.24389664535697478,0.006801449741833101,0.0054076635080836455,0.23709519561514167,6.0,0.9955037268390589,NON_CORE,"ENTG, BURBY, BRK-B, NCLH, SEB"
0.2866186238574163,0.26775852940011263,0.0077248193724787795,0.00507399784708257,0.26003371002763387,6.0,0.9955037268390589,NON_CORE,"AMAT, NDSN, PUMSY, ZTS, MRCY"
0.35642496545368446,0.31365539008310067,0.007127700099084556,0.0048252961064944285,0.30652768998401614,6.0,0.9955037268390589,NON_CORE,"AGG, BURL, COLB, XPEV, EVTC"
0.26642918979785224,0.31248509490676574,0.006454677379625561,0.004801473113705727,0.30603041752714016,6.0,0.9955037268390589,NON_CORE,"REG, FTV, CHD, PZZA, FICO"
0.23138696392813912,0.2521141463902971,0.006887450406354704,0.005083176473978189,0.2452266959839424,6.0,0.9955037268390589,NON_CORE,"META, VMI, AWI, TBT, ROST"
0.26341656749755216,0.29504796851822296,0.0076306229183331995,0.007171736072501908,0.28741734559988974,6.0,0.9955037268390589,NON_CORE,"CMC, RTX, BHP, NSC, BA"
0.21489472392893352,0.2308809333754784,0.008413493499744129,0.005335950647144161,0.22246743987573428,6.0,0.9955037268390589,NON_CORE,"GLBE, NSANY, TPL, NVS, SITM"
0.2688971449692801,0.2656459615556531,0.00808065499296604,0.004562493273466704,0.25756530656268706,6.0,0.9955037268390589,NON_CORE,"ESNT, GEO, SPLV, SPGI, SOFI"
0.24560113610328516,0.26661891875057664,0.00852182462842746,0.006095027129381291,0.2580970941221492,6.0,0.9955037268390589,NON_CORE,"LVMUY, UHS, LTPZ, CUT, FERG"
0.2552553278356097,0.2668800060384082,0.009321085226507146,0.006117401805012269,0.25755892081190107,6.0,0.9955037268390589,NON_CORE,"HPK, VECO, NNI, INCY, RPD"
0.23920829764328347,0.23019309024335163,0.008353369345995959,0.004361803231134284,0.22183972089735568,6.0,0.9955037268390589,NON_CORE,"LRN, CINF, AMAT, RDNT, PLUS"
0.2922779867095234,0.29019625598826937,0.008087479127991985,0.005014917078746395,0.2821087768602774,6.0,0.9955037268390589,NON_CORE,"PEJ, INDA, IWM, NXE, BCS"
0.29846794561628204,0.26857935221119444,0.008412011408704463,0.004960691317945422,0.26016734080249,6.0,0.9955037268390589,NON_CORE,"BHE, CRWD, FIS, KURA, CLB"
0.2639710531363347,0.2569379581780504,0.008164679457591537,0.005182334173270264,0.24877327872045885,6.0,0.9955037268390589,NON_CORE,"PAX, ARCT, AVNT, INGR, ENPH"
0.2672385795040039,0.26862735247297553,0.00825407346705293,0.006368337285878392,0.2603732790059226,6.0,0.9955037268390589,NON_CORE,"SPTL, TER, MRCY, DOW, FAN"
0.2843577718954131,0.2889807571375692,0.008405165669143254,0.00541537468149391,0.280575591468426,6.0,0.9955037268390589,NON_CORE,"AMP, TGT, LSCC, ADYEY, BJ"
