state,ch_idx,SCI,gap,ch_name
baseline,0,0.7588732149745986,0.06647728499342578,E2
baseline,1,0.7591995898798228,0.07074064658014187,E3
baseline,2,0.748765141914709,0.06920471151392,E4
baseline,3,0.7385729107767608,0.06562423305390278,E5
baseline,4,0.7336235791614124,0.06140440322244637,E6
baseline,5,0.7442412765983761,0.06394859663099427,E7
baseline,6,0.7864800412886747,0.07626372416299172,Fp2
baseline,7,0.7671038175934501,0.07481067341867256,E10
baseline,8,0.749574102456058,0.06979116123508362,Fz
baseline,9,0.7364619431422288,0.06385866875862076,E12
baseline,10,0.743287193445033,0.06545341770750948,E13
baseline,11,0.7818837173527944,0.0772919535990993,E15
baseline,12,0.7653626888850581,0.07404192784601416,E16
baseline,13,0.7644256849009533,0.07392558873355128,E18
baseline,14,0.746540977390075,0.06821351831784479,E19
baseline,15,0.7511474956515614,0.06852526634644279,E20
baseline,16,0.7741791519369147,0.073317498855667,Fp1
baseline,17,0.7494977577266313,0.06833137366679835,E23
baseline,18,0.7435295872505052,0.06688323787996445,F3
baseline,19,0.7559480783645989,0.06605838906465165,E26
baseline,20,0.730099843009958,0.06257756936859737,E27
baseline,21,0.7196291477414829,0.05941983058388904,E28
baseline,22,0.738828081119959,0.06460829290035641,E29
baseline,23,0.736510333259708,0.06236530656924527,E30
baseline,24,0.740912746656688,0.06460649399098987,E31
baseline,25,0.7343809116913012,0.06299184385918902,F7
baseline,26,0.7299534730396788,0.06209293061933642,E34
baseline,27,0.7316108350342019,0.062220900937251813,E35
baseline,28,0.7503294858575598,0.06823663712298544,C3
baseline,29,0.7731681069556278,0.07593345070495874,E37
baseline,30,0.7425598252031621,0.06632229632488552,E39
baseline,31,0.7591926202372062,0.06973572295392401,E40
baseline,32,0.7555498157382056,0.07013295780923492,E41
baseline,33,0.7714886745166487,0.07556072846474153,E42
baseline,34,0.7653198573002914,0.07317678796763963,T3
baseline,35,0.7542126208579366,0.0708397029708854,E46
baseline,36,0.7679907686406463,0.0758265935351531,E47
baseline,37,0.7562877584584484,0.0705125542145708,E50
baseline,38,0.7379444730101495,0.06711974785387283,E51
baseline,39,0.7500520337891406,0.07050969960391436,P3
baseline,40,0.7465479449125704,0.06871135641214753,E53
baseline,41,0.7551378510143125,0.07133399945220123,E54
baseline,42,0.7728596517708998,0.07587356482085271,E55
baseline,43,0.7407790406346139,0.06449784667008548,T5
baseline,44,0.7437419869957296,0.0675036430553327,E59
baseline,45,0.7454371972730394,0.06835191191058167,E60
baseline,46,0.7590507920440122,0.07355686078834074,E61
baseline,47,0.7479833413885708,0.06914763532862707,Pz
baseline,48,0.73549490553891,0.06215072543314633,E65
baseline,49,0.7399984788593796,0.06458970350791877,E66
baseline,50,0.725728305065601,0.06143174878612234,E67
baseline,51,0.7189533257428669,0.0572371836955878,O1
baseline,52,0.7395460283136767,0.0644911453768602,E71
baseline,53,0.7311802962054121,0.06272565040290282,E72
baseline,54,0.7162569494782052,0.057593659617564553,Oz
baseline,55,0.7331379532150486,0.06186992980470013,E76
baseline,56,0.7548323052254611,0.07130743616676051,E77
baseline,57,0.7673466147022874,0.0756581702647221,E78
baseline,58,0.7607514442243148,0.07140353771941252,E79
baseline,59,0.7360207148160951,0.06427046307252351,E80
baseline,60,0.7069133974341278,0.055330047328792445,O2
baseline,61,0.7444514423782626,0.06530096848425969,E84
baseline,62,0.764466019530505,0.07359605257865404,E85
baseline,63,0.7693216001192857,0.07536818217093819,E86
baseline,64,0.7641480714522586,0.07432982772262382,E87
baseline,65,0.7284177528043088,0.05919902489062297,E90
baseline,66,0.7449838257028475,0.06522868580565298,E91
baseline,67,0.7632996469758161,0.07344029354993407,P4
baseline,68,0.7677906125320386,0.07480464324071906,E93
baseline,69,0.7537888088390062,0.06686534972809693,T6
baseline,70,0.7613341360776349,0.07128683086590012,E97
baseline,71,0.7597317123137106,0.0700538952441744,E98
baseline,72,0.7294956583732228,0.06212615111119809,E101
baseline,73,0.7456121427625251,0.06717357725550135,E102
baseline,74,0.7595424031326438,0.07019435897188216,E103
baseline,75,0.7497158014940607,0.06720404281814246,C4
baseline,76,0.7509515079138351,0.06649793043466871,E105
baseline,77,0.7437610728289961,0.06576287940214409,E106
baseline,78,0.7408947527833678,0.0665085076836707,T4
baseline,79,0.7429389076886079,0.06670290353286104,E109
baseline,80,0.7421440376096861,0.0661255699276518,E110
baseline,81,0.7486199578170625,0.06727472222260997,E111
baseline,82,0.7337328410882097,0.062364601553932066,E112
baseline,83,0.7412306853404781,0.06581022999642192,E116
baseline,84,0.7259533470866114,0.06295213506442374,E117
baseline,85,0.7435119608302955,0.06672701279864707,E118
baseline,86,0.7377370872751615,0.0624775944801569,F8
baseline,87,0.7373392619031783,0.06552358738206247,E123
baseline,88,0.7469610012330802,0.06871464674781055,F4
baseline,89,0.746006654453667,0.06688447848002492,E115
baseline,90,0.7367250789639495,0.06244515254094961,Cz
mild,0,0.7456491963935619,0.06461659387931126,E2
mild,1,0.7309374430678854,0.06186248215970559,E3
mild,2,0.7227692855650377,0.06093253337380594,E4
mild,3,0.7190774448997547,0.0594096416105518,E5
mild,4,0.7207468995931565,0.05850724725059218,E6
mild,5,0.7150456687172909,0.057245366567043376,E7
mild,6,0.7531052849266788,0.0678889528299023,Fp2
mild,7,0.7267315903336747,0.06166531199093759,E10
mild,8,0.712826094671773,0.05842471875941883,Fz
mild,9,0.7124955689417478,0.058678539058746794,E12
mild,10,0.7128487611698906,0.057961816845088186,E13
mild,11,0.739967801068409,0.06509690681886796,E15
mild,12,0.7246266193978206,0.06130464425081433,E16
mild,13,0.7208413510520325,0.06040590792217868,E18
mild,14,0.7064961981602933,0.056563426413890484,E19
mild,15,0.7123665654742279,0.05806263449367146,E20
mild,16,0.7396669235513195,0.06451282611753574,Fp1
mild,17,0.7288352046360782,0.06128960836279188,E23
mild,18,0.7076934304516737,0.056047404276159576,F3
mild,19,0.7507809275809217,0.0682670058343556,E26
mild,20,0.7117861415308313,0.05857054548273809,E27
mild,21,0.7038269243998587,0.05577074668270436,E28
mild,22,0.7178328403186222,0.05879270509896868,E29
mild,23,0.7139950299483846,0.05750260871613004,E30
mild,24,0.7194582934601091,0.057066656188676214,E31
mild,25,0.7196278510597791,0.06042355000353652,F7
mild,26,0.706105120143387,0.056321898728592425,E34
mild,27,0.7036511530145623,0.05421146305042694,E35
mild,28,0.7181196794339774,0.05947698761412016,C3
mild,29,0.7159288900354488,0.05906121708343297,E37
mild,30,0.7192412214984613,0.05943636579351075,E39
mild,31,0.7047409748664017,0.0555760704033035,E40
mild,32,0.7095022150129319,0.05741611874904377,E41
mild,33,0.722514750222847,0.0604611638522496,E42
mild,34,0.7385866310041466,0.0646276207054468,T3
mild,35,0.7100398466525458,0.05682423827329084,E46
mild,36,0.7200193848482279,0.05907672684965863,E47
mild,37,0.7355083269176285,0.06257111207036777,E50
mild,38,0.694051485500625,0.05073199750450711,E51
mild,39,0.7115124137820967,0.05586607712550427,P3
mild,40,0.7020762254496287,0.05489951525586824,E53
mild,41,0.6885343798035182,0.050807718978046014,E54
mild,42,0.7187561245176528,0.05858916962172615,E55
mild,43,0.6979056575913415,0.05021363444570818,T5
mild,44,0.6894209378603613,0.04859574488864078,E59
mild,45,0.6959000778385918,0.05246969115352702,E60
mild,46,0.6936607741845903,0.05274556190454799,E61
mild,47,0.6814764233909147,0.05117892444280018,Pz
mild,48,0.6868657377844125,0.047213079740923244,E65
mild,49,0.6845629956711983,0.04843267767283528,E66
mild,50,0.6806804600062748,0.049597259135351526,E67
mild,51,0.6662657812372431,0.04261828554726781,O1
mild,52,0.6666942093922243,0.045299238508963724,E71
mild,53,0.6675309680716593,0.04677032217746118,E72
mild,54,0.6601158398967927,0.040684318822734565,Oz
mild,55,0.6544295630441049,0.04213266805787301,E76
mild,56,0.6591403084281416,0.04411960772167607,E77
mild,57,0.6707158631476272,0.04695933642458715,E78
mild,58,0.7046451653294055,0.05512691933746554,E79
mild,59,0.7234703472352535,0.0591045884399838,E80
mild,60,0.6619241895101926,0.0421934223757749,O2
mild,61,0.6666146614281291,0.04523686395658857,E84
mild,62,0.6704658840767579,0.04664595192751721,E85
mild,63,0.7104999800919481,0.05713401878526488,E86
mild,64,0.7259811736000896,0.06087017478530141,E87
mild,65,0.6885825541330406,0.04831876181229189,E90
mild,66,0.693912351999952,0.0512257705489327,E91
mild,67,0.7233691364471986,0.06144087623588661,P4
mild,68,0.7372104062871179,0.06576121769587476,E93
mild,69,0.71513251985526,0.05843805800827132,T6
mild,70,0.7015730624088905,0.053970247189799356,E97
mild,71,0.7334393640101313,0.06265103101639244,E98
mild,72,0.7017350040824489,0.053528950010194844,E101
mild,73,0.7186897617282526,0.05969045892940086,E102
mild,74,0.7288582816455531,0.06100699025939303,E103
mild,75,0.727676493549877,0.06099680477634424,C4
mild,76,0.7220184966717729,0.0587857555729399,E105
mild,77,0.7230479498729236,0.05919153817647692,E106
mild,78,0.7169409296335303,0.05958479793822637,T4
mild,79,0.7161190464452162,0.057842981830263596,E109
mild,80,0.7219147862007295,0.059819574048456226,E110
mild,81,0.7198232657364272,0.059351610459338996,E111
mild,82,0.7098787506182421,0.055487480989210136,E112
mild,83,0.719677367011807,0.057912154762701694,E116
mild,84,0.7122411835610237,0.055813762623493766,E117
mild,85,0.7202891325645686,0.06005792531397641,E118
mild,86,0.7289088089255126,0.06292478343635902,F8
mild,87,0.7141613302542293,0.05642714830088752,E123
mild,88,0.7376657683100591,0.06389720841327803,F4
mild,89,0.7339959852176076,0.06335424583044012,E115
mild,90,0.7100403999328908,0.055993493396254736,Cz
moderate,0,0.8217950121721003,0.09170172579336001,E2
moderate,1,0.8331005268925324,0.09849751530866498,E3
moderate,2,0.8356310243557689,0.1012991939628799,E4
moderate,3,0.8345363509853605,0.10023918396150007,E5
moderate,4,0.8330023845902546,0.09902071073456119,E6
moderate,5,0.8138302259087766,0.0954750117475189,E7
moderate,6,0.838544011261703,0.09900931277063048,Fp2
moderate,7,0.8370071846714378,0.10086843870311875,E10
moderate,8,0.8383787436114535,0.10198627582753383,Fz
moderate,9,0.8307672869393267,0.099324992100527,E12
moderate,10,0.8244639028171663,0.09788366032879983,E13
moderate,11,0.834441262248324,0.09783789611909749,E15
moderate,12,0.8321951424829124,0.09984048385924589,E16
moderate,13,0.8287926328699754,0.09869806027459975,E18
moderate,14,0.8373889689556359,0.10230764047460461,E19
moderate,15,0.8257834316876643,0.09778137048012378,E20
moderate,16,0.8348605382954115,0.09654008883806792,Fp1
moderate,17,0.8249819280166847,0.09450091631183412,E23
moderate,18,0.8220417345668254,0.0957068759505714,F3
moderate,19,0.8195202462516107,0.09164506763415932,E26
moderate,20,0.8232156334285161,0.09515936838651211,E27
moderate,21,0.8198434474308005,0.09463771054302664,E28
moderate,22,0.8215946559307901,0.09702298508118708,E29
moderate,23,0.8015545316755173,0.09080860942649228,E30
moderate,24,0.7844959355699023,0.08341705060876328,E31
moderate,25,0.7928430650505861,0.08307923537027119,F7
moderate,26,0.8033853450561784,0.08888694253714267,E34
moderate,27,0.7967171068443,0.08729967019169313,E35
moderate,28,0.8034814606011281,0.08977086601940211,C3
moderate,29,0.7946582042395911,0.08704447080455874,E37
moderate,30,0.8107263152897008,0.08984362019111368,E39
moderate,31,0.7886150764563661,0.08371248895819497,E40
moderate,32,0.7972677784362955,0.08675068329151432,E41
moderate,33,0.8019512497551945,0.08861949556836134,E42
moderate,34,0.8050490255924208,0.08723823141467035,T3
moderate,35,0.7974191629149343,0.08507295794615048,E46
moderate,36,0.7905689283534577,0.08380883620257346,E47
moderate,37,0.7980309020453951,0.08529217870614586,E50
moderate,38,0.7959361588052186,0.08483866186631527,E51
moderate,39,0.8212171888837678,0.09390578228107148,P3
moderate,40,0.7978259039978474,0.0873160617701948,E53
moderate,41,0.7943030828803239,0.08589374703597037,E54
moderate,42,0.8005379339299019,0.08779520210913241,E55
moderate,43,0.7903767510789486,0.08199087622044599,T5
moderate,44,0.7998481702671197,0.08537318835296949,E59
moderate,45,0.7979685498779203,0.08632138835955644,E60
moderate,46,0.7991677244110539,0.08725759573755769,E61
moderate,47,0.787626490466833,0.08286001676566708,Pz
moderate,48,0.7844234024686407,0.07785420599976497,E65
moderate,49,0.7923601901737509,0.08275033579566175,E66
moderate,50,0.7808608156934997,0.07981889671342893,E67
moderate,51,0.7703632425468822,0.07239415550780817,O1
moderate,52,0.7726348836432355,0.07676750895123627,E71
moderate,53,0.7711873624888537,0.07656839295544013,E72
moderate,54,0.7770975267687894,0.07658752911913212,Oz
moderate,55,0.7795457963175668,0.07925425621381005,E76
moderate,56,0.7843858003598859,0.08323771012987068,E77
moderate,57,0.7914293984009969,0.08313282777628044,E78
moderate,58,0.7954594541446891,0.08500266159827405,E79
moderate,59,0.8067290601621819,0.09151243321196847,E80
moderate,60,0.7893554007697209,0.08136822749730381,O2
moderate,61,0.7915734525361338,0.0846233728414428,E84
moderate,62,0.7896957804779123,0.08340065346552226,E85
moderate,63,0.7965719734294482,0.08529017078762903,E86
moderate,64,0.8035756848297962,0.08964639559563095,E87
moderate,65,0.7926046066736773,0.08415840114156081,E90
moderate,66,0.7993642330326377,0.08547516305038468,E91
moderate,67,0.8029833903652127,0.08667246943486454,P4
moderate,68,0.816621820237257,0.09462353331798386,E93
moderate,69,0.8114757909439012,0.09036443652985539,T6
moderate,70,0.7827382663407588,0.08013375380403574,E97
moderate,71,0.8018791895974173,0.08715415304813358,E98
moderate,72,0.7981462252142474,0.08601088063166254,E101
moderate,73,0.8005679932655774,0.08670766617897205,E102
moderate,74,0.800261522772509,0.08529721882057469,E103
moderate,75,0.8218222166172187,0.09450958126595602,C4
moderate,76,0.8103447346749364,0.09349689549246701,E105
moderate,77,0.8165674250354608,0.09477562738641551,E106
moderate,78,0.8169143267852489,0.09191852848940985,T4
moderate,79,0.8116291337278543,0.09016108860058768,E109
moderate,80,0.8132666251829572,0.09168404294161586,E110
moderate,81,0.8122197402248922,0.09427486415293204,E111
moderate,82,0.8154246028435981,0.09319554136997074,E112
moderate,83,0.8060754810109853,0.08554081944284567,E116
moderate,84,0.808516638811884,0.08833218254270109,E117
moderate,85,0.8264102388784101,0.09854088748664103,E118
moderate,86,0.8202511902652331,0.09553346387514412,F8
moderate,87,0.8106440575776988,0.08698642486427965,E123
moderate,88,0.8244975620405341,0.09483027962660291,F4
moderate,89,0.8336815600544719,0.10016183186196323,E115
moderate,90,0.8087183987499781,0.09344210781360693,Cz
recovery,0,0.7381202260502316,0.06388338975340858,E2
recovery,1,0.7213202862402645,0.06122606605716165,E3
recovery,2,0.7131763965335705,0.05916147835999217,E4
recovery,3,0.7066460487185423,0.05667271930046821,E5
recovery,4,0.7143947763977894,0.056633581691333965,E6
recovery,5,0.7099536372877531,0.055402234729818076,E7
recovery,6,0.7407739755464491,0.06748859807468485,Fp2
recovery,7,0.7289883266276118,0.06431568778535712,E10
recovery,8,0.7151403729744341,0.06009371523536625,Fz
recovery,9,0.7204806683484068,0.060586656963778074,E12
recovery,10,0.708148739328372,0.055873203658007464,E13
recovery,11,0.7391095175132771,0.06667203854123152,E15
recovery,12,0.7307278438905799,0.06507833862278493,E16
recovery,13,0.7255005968794844,0.06296405045500798,E18
recovery,14,0.7148338247815089,0.05916351436190929,E19
recovery,15,0.7267302768789108,0.061994815748406006,E20
recovery,16,0.7412849622334772,0.06565711368733325,Fp1
recovery,17,0.7235536151148474,0.061702023457469925,E23
recovery,18,0.7201088161496019,0.05914947709129801,F3
recovery,19,0.751944486156678,0.06946807529289983,E26
recovery,20,0.71916491995035,0.05929251703666224,E27
recovery,21,0.7124770899942461,0.05751746265675698,E28
recovery,22,0.7034924972058885,0.05603255399656863,E29
recovery,23,0.6982735694078703,0.05279723663969228,E30
recovery,24,0.7051842638834308,0.05315678401505908,E31
recovery,25,0.7257677618958007,0.06131422697276353,F7
recovery,26,0.7177281165733063,0.05958555414548683,E34
recovery,27,0.7004025073692544,0.05375648409324615,E35
recovery,28,0.720258294601206,0.05936480231405324,C3
recovery,29,0.7219191912588705,0.0602213300147512,E37
recovery,30,0.7347922678731159,0.06423718413792778,E39
recovery,31,0.707898920449121,0.0556072390837305,E40
recovery,32,0.727700123616321,0.06177422159311709,E41
recovery,33,0.7380519134766336,0.06549235715858279,E42
recovery,34,0.7246567792527961,0.059639191859809,T3
recovery,35,0.7268721870839809,0.060410915799769635,E46
recovery,36,0.7353793338498815,0.06378038629860236,E47
recovery,37,0.7143554724132137,0.05708725130946514,E50
recovery,38,0.6914033394905736,0.05098198460797768,E51
recovery,39,0.7130701992966971,0.05772596827454287,P3
recovery,40,0.7097512629157113,0.05846722650328444,E53
recovery,41,0.7093786927966887,0.056130021843176704,E54
recovery,42,0.7175008339982738,0.05722504796419969,E55
recovery,43,0.6859843364874948,0.04985028021227576,T5
recovery,44,0.6799750095007095,0.04935750715736052,E59
recovery,45,0.6969316150231977,0.05451703349095958,E60
recovery,46,0.703057532249823,0.05647453645838576,E61
recovery,47,0.719325850822146,0.05844013717553033,Pz
recovery,48,0.6710542346317351,0.046133783688908886,E65
recovery,49,0.6798691406479264,0.04863835871891472,E66
recovery,50,0.6882188004413299,0.05043403571620368,E67
recovery,51,0.6618839227526213,0.042870878549060264,O1
recovery,52,0.673618549100959,0.047601979906914955,E71
recovery,53,0.6842071505428987,0.049635466602393895,E72
recovery,54,0.6653975804142794,0.04304602058678087,Oz
recovery,55,0.6704159392833915,0.04519751707176003,E76
recovery,56,0.6971928160159728,0.0530958704876399,E77
recovery,57,0.7254854071443091,0.05980917343196897,E78
recovery,58,0.7152333172021696,0.05736983037061229,E79
recovery,59,0.6943112224366967,0.05050300751159313,E80
recovery,60,0.67996818270817,0.04741508874492081,O2
recovery,61,0.7020752039330476,0.05502914036358257,E84
recovery,62,0.7177131215942121,0.05879540060888355,E85
recovery,63,0.7297633378813305,0.06166918266723768,E86
recovery,64,0.7245883544126512,0.06366080481952627,E87
recovery,65,0.72034865832388,0.05916928861255594,E90
recovery,66,0.7195364858286271,0.05844369618344375,E91
recovery,67,0.740490772389338,0.06670185811804967,P4
recovery,68,0.7531149942025223,0.07031252696246412,E93
recovery,69,0.7362913825278233,0.0671164794173477,T6
recovery,70,0.7189060147722358,0.059537891352980064,E97
recovery,71,0.7308266311159048,0.0630228346162944,E98
recovery,72,0.7048230115182564,0.053647096964894635,E101
recovery,73,0.716257170869538,0.05800463986929062,E102
recovery,74,0.7365439772874994,0.06331730056468164,E103
recovery,75,0.7271708275354214,0.06107558157951565,C4
recovery,76,0.7162285773328608,0.05832406638796635,E105
recovery,77,0.6931091897896287,0.052143458200642215,E106
recovery,78,0.7192812075458395,0.0592854138771743,T4
recovery,79,0.7146553355646731,0.057148070866983015,E109
recovery,80,0.7321759279097095,0.0614840975381082,E110
recovery,81,0.7061382967431353,0.05558544506561465,E111
recovery,82,0.6929714425765421,0.051732452653548935,E112
recovery,83,0.7192099672548845,0.0576168879306236,E116
recovery,84,0.7114882304899675,0.056218286809569216,E117
recovery,85,0.7071004605745561,0.05665610959125633,E118
recovery,86,0.7134513071402719,0.059115326145918634,F8
recovery,87,0.7086277637357211,0.05565865389934889,E123
recovery,88,0.7248798965875956,0.061989341428667986,F4
recovery,89,0.7214131542485599,0.061351604033875275,E115
recovery,90,0.7035659580074095,0.053650840629331197,Cz
